/*******************************************************************************
 * Size: 16 px
 * Bpp: 4
 * Opts: --bpp 4 --size 16 --font /home/bi4mib/openvela-build/apps/graphics/lvgl/lvgl/tests/src/test_files/fonts/noto/NotoSansSC-Regular.ttf --symbols 信号求救频率滤波设置音量菜单模式发射等待音频无输入硬件正常频谱 CW 求救位置坐标伤伤亡坠毁火紧急遇险事故救命位置置信度摘要关键词违规内容检测粗俗语言非法未持证通联恶意干扰其他未知当前位置北纬南纬东经西海拔米呼号通联转写文本请分析此内容无线电通联日志记录员整理为简洁的中文QSO日志包含时间频率信号报告要点请严格按照指定JSON格式返回分析结果不要输出分析维度是否包含医疗等脏话政治敏感违法信息提取给出简短你是一名专业的无线电通联内容分析安全员负责分析业余无线电通联的语音转写文本通联实时翻译员将用户输入的文本翻译成目标语言只输出翻译结果解释将以下文本翻译成 Audio Spectrum S Meter  --range 32-127 --format lvgl -o /tmp/ai_radio_font.c
 ******************************************************************************/

#ifdef LV_LVGL_H_INCLUDE_SIMPLE
#include "lvgl.h"
#else
#include "lvgl/lvgl.h"
#endif

#ifndef AI_RADIO_FONT
#define AI_RADIO_FONT 1
#endif

#if AI_RADIO_FONT

/*-----------------
 *    BITMAPS
 *----------------*/

/*Store the image of the glyphs*/
static LV_ATTRIBUTE_LARGE_CONST const uint8_t glyph_bitmap[] = {
    /* U+0020 " " */

    /* U+0021 "!" */
    0x2f, 0x40, 0x8, 0xc0, 0x33, 0x88, 0x6, 0x10,
    0xe, 0x30, 0x81, 0x4, 0x6, 0xc8, 0x20, 0xe0,

    /* U+0022 "\"" */
    0x8f, 0x6, 0xf1, 0x0, 0xf7, 0x90, 0x10, 0x9,
    0x8, 0x38, 0x83, 0xd8, 0x13, 0x0,

    /* U+0023 "#" */
    0x0, 0xb8, 0x1, 0x68, 0x1, 0x11, 0x0, 0xc,
    0xa0, 0x13, 0x30, 0x0, 0x62, 0x0, 0xfb, 0x5f,
    0xf0, 0xfa, 0x87, 0xbc, 0xfe, 0x1f, 0xa8, 0x0,
    0x88, 0xc, 0xc0, 0xc, 0xce, 0x6, 0x40, 0x5,
    0xe3, 0xde, 0x97, 0xe0, 0x5f, 0xf, 0xf2, 0x57,
    0x80, 0x44, 0x22, 0x76, 0x10, 0x1, 0x30, 0x0,
    0x88, 0x1, 0x31, 0x0, 0x4, 0x40, 0x0,

    /* U+0024 "$" */
    0x0, 0xd0, 0x1, 0xf3, 0x80, 0x72, 0xe8, 0x73,
    0x80, 0xe, 0x93, 0x22, 0x54, 0x2c, 0x64, 0xdb,
    0xd4, 0x4, 0x3, 0x8, 0x2, 0x86, 0x80, 0x38,
    0xe9, 0x39, 0xc0, 0x32, 0xf3, 0x46, 0x8, 0x6,
    0x8c, 0x39, 0x0, 0xe3, 0x54, 0x2, 0x0, 0xc2,
    0xe1, 0xf8, 0xa6, 0xe9, 0xc1, 0x8b, 0x79, 0x52,
    0xa0, 0x33, 0xc1, 0xac, 0x1, 0xfc,

    /* U+0025 "%" */
    0x4, 0xde, 0xb0, 0xc, 0x58, 0x1, 0xd7, 0xdc,
    0x19, 0x0, 0xa6, 0x0, 0x32, 0x11, 0x87, 0x20,
    0x1, 0x1, 0x0, 0x30, 0xb0, 0x1, 0x88, 0x1,
    0x10, 0x0, 0xe1, 0x60, 0x3, 0x10, 0x2b, 0x15,
    0xf5, 0x0, 0x10, 0xd0, 0x3d, 0x42, 0x21, 0x47,
    0xc7, 0x20, 0xd, 0x9e, 0x18, 0x64, 0x24, 0x80,
    0xb6, 0x0, 0x1e, 0xf5, 0x5, 0xc1, 0x8, 0x0,
    0x80, 0x40, 0x3a, 0x14, 0x40, 0x3f, 0xe1, 0x58,
    0x2, 0x10, 0x1, 0x0, 0x80, 0x68, 0xb0, 0x9,
    0x1c, 0x2d, 0x40, 0x31, 0x23, 0x0, 0x55, 0x7c,
    0x56, 0x0,

    /* U+0026 "&" */
    0x0, 0xab, 0xf9, 0x40, 0x3d, 0x2d, 0xd7, 0x40,
    0x1e, 0x4a, 0x14, 0x1, 0x0, 0xe1, 0x10, 0x49,
    0x88, 0x7, 0x25, 0x4a, 0xe8, 0x7, 0xb4, 0x97,
    0x4, 0x0, 0xc4, 0xd, 0x48, 0x40, 0x11, 0xc8,
    0x14, 0xc5, 0xae, 0x8, 0x4a, 0x12, 0x3, 0x85,
    0x6, 0x2a, 0xa0, 0xc, 0x8, 0x7, 0x2, 0x94,
    0xc1, 0x47, 0xd0, 0xd8, 0x88, 0xb4, 0x41, 0x8f,
    0x79, 0x73, 0xb6, 0x28,

    /* U+0027 "'" */
    0x8f, 0x0, 0x79, 0x10, 0x5e, 0xc0,

    /* U+0028 "(" */
    0x0, 0xf4, 0xc0, 0xb, 0x48, 0x4a, 0x88, 0x2f,
    0x81, 0x11, 0x1, 0xc4, 0x40, 0x44, 0x0, 0x7b,
    0x80, 0x7b, 0xdc, 0x0, 0x44, 0x0, 0x38, 0x88,
    0x8, 0x88, 0x0, 0xaf, 0x0, 0x32, 0x88, 0xb,
    0xc8, 0x2, 0x20,

    /* U+0029 ")" */
    0x1, 0x0, 0xf, 0x88, 0xa, 0x48, 0x2, 0x58,
    0x0, 0x60, 0x80, 0x4, 0xc0, 0x6, 0x98, 0x0,
    0x98, 0x0, 0x26, 0x1, 0xe1, 0x30, 0x1, 0x30,
    0x3, 0x4c, 0x0, 0x98, 0x6, 0x8, 0x13, 0x20,
    0x14, 0x70, 0x1e, 0x0, 0x0,

    /* U+002A "*" */
    0x0, 0x59, 0x80, 0x14, 0xd9, 0x54, 0x25, 0xa5,
    0x3c, 0x6f, 0x20, 0x36, 0x43, 0x3a, 0x8e, 0x3,
    0xe5, 0x4e, 0x0,

    /* U+002B "+" */
    0x0, 0xc6, 0x1, 0xf1, 0x60, 0x7, 0xff, 0x29,
    0x7f, 0xda, 0x1f, 0xf2, 0x2e, 0xea, 0xc3, 0x76,
    0x40, 0x22, 0x30, 0x11, 0x40, 0x1f, 0xfc, 0x70,

    /* U+002C "," */
    0x0, 0xe9, 0xf3, 0x0, 0xac, 0x25, 0x78, 0x11,
    0xe, 0x13, 0xa2, 0x1a, 0x60,

    /* U+002D "-" */
    0x4f, 0xfb, 0x53, 0x76, 0xf0,

    /* U+002E "." */
    0x2, 0xb, 0xd2, 0x20, 0x98,

    /* U+002F "/" */
    0x0, 0xc5, 0xc0, 0x1c, 0xae, 0x1, 0xd7, 0xa0,
    0x18, 0x49, 0x0, 0x33, 0xa0, 0x7, 0x6f, 0x80,
    0x61, 0x45, 0x0, 0xc8, 0x80, 0xe, 0xfd, 0x0,
    0xe5, 0x70, 0xc, 0x86, 0x20, 0x1b, 0x6c, 0x3,
    0x9d, 0x40, 0x31, 0x98, 0x80, 0x35, 0xa8, 0x7,
    0x75, 0x0, 0x70,

    /* U+0030 "0" */
    0x0, 0x26, 0xfe, 0x18, 0x4, 0x76, 0xb8, 0xb8,
    0x40, 0x8, 0x38, 0x39, 0x2b, 0x0, 0x25, 0x0,
    0x4a, 0x80, 0x40, 0x40, 0x17, 0x10, 0x8, 0x38,
    0x4, 0x60, 0x20, 0x1f, 0xc4, 0xe, 0x1, 0x18,
    0x8, 0x80, 0xc0, 0x2e, 0x20, 0x2, 0xd8, 0x4,
    0xa8, 0x0, 0x93, 0x83, 0x92, 0xb0, 0x1, 0xda,
    0xe2, 0xe1, 0x0,

    /* U+0031 "1" */
    0x4, 0x9f, 0x70, 0xa, 0x14, 0x3, 0xb3, 0x0,
    0x1f, 0xfe, 0x92, 0x33, 0x7, 0x19, 0xaf, 0x30,
    0xd, 0x9c,

    /* U+0032 "2" */
    0x2, 0xaf, 0xf5, 0x90, 0x0, 0xb0, 0x2e, 0xcf,
    0x82, 0x5, 0x54, 0x44, 0x68, 0xb8, 0x1, 0x0,
    0x21, 0xe, 0x0, 0xf0, 0x87, 0x0, 0x79, 0xc1,
    0xc0, 0x38, 0x61, 0x84, 0x3, 0xa8, 0xe4, 0x3,
    0xa5, 0x3c, 0x3, 0xa1, 0xac, 0x80, 0x34, 0xbc,
    0x39, 0x9c, 0x8, 0xc1, 0x19, 0x98, 0x40,

    /* U+0033 "3" */
    0x2, 0xaf, 0xf6, 0x28, 0x3, 0xc2, 0xf1, 0xa8,
    0xc3, 0x29, 0xe, 0x82, 0xc0, 0x40, 0x3b, 0xc0,
    0x31, 0x58, 0xb0, 0x0, 0xbf, 0x5b, 0x4, 0x0,
    0x59, 0x4d, 0x84, 0x1, 0x1a, 0xd9, 0x70, 0x7,
    0x90, 0xc1, 0x0, 0x31, 0x92, 0x5d, 0x22, 0x25,
    0x2d, 0x30, 0x6e, 0xc9, 0x4c,

    /* U+0034 "4" */
    0x0, 0xc5, 0xfa, 0x1, 0xe9, 0x0, 0xf9, 0x10,
    0xa0, 0x1e, 0x96, 0x20, 0xe, 0x73, 0x81, 0x0,
    0xc3, 0x10, 0x10, 0xe, 0xb3, 0x60, 0xe, 0x45,
    0xe0, 0xf, 0x70, 0x6f, 0xf9, 0x8b, 0xda, 0x33,
    0x32, 0x96, 0x39, 0x19, 0xf0, 0x18, 0x80, 0x7f,
    0x0,

    /* U+0035 "5" */
    0x4, 0xff, 0xe7, 0x0, 0x8, 0x5d, 0xe6, 0x0,
    0x18, 0xa2, 0x61, 0x0, 0x9, 0x80, 0x7d, 0xc7,
    0x9f, 0xac, 0x1, 0x62, 0x7e, 0x24, 0xb0, 0x1,
    0x68, 0xcd, 0x29, 0x60, 0x1f, 0x61, 0x0, 0x7d,
    0xe0, 0x11, 0x80, 0x65, 0x40, 0x5c, 0x94, 0x45,
    0x94, 0x2, 0xd9, 0x5d, 0x83, 0xc, 0x0,

    /* U+0036 "6" */
    0x0, 0xc, 0xf7, 0xe1, 0x80, 0x5a, 0x97, 0x64,
    0xa0, 0x3, 0x1e, 0x2a, 0x44, 0x80, 0x29, 0x44,
    0x3, 0xc7, 0x91, 0xdc, 0x90, 0x0, 0x84, 0x6,
    0x5b, 0xc8, 0x4, 0xd0, 0x4b, 0x2c, 0x2, 0x1a,
    0x1, 0x20, 0x10, 0x16, 0x80, 0x7c, 0x8a, 0x1,
    0x58, 0x90, 0x41, 0xd1, 0xab, 0xc8, 0x0, 0x70,
    0x72, 0xe1, 0xc0,

    /* U+0037 "7" */
    0x3f, 0xff, 0x84, 0xee, 0xf8, 0x94, 0x41, 0x13,
    0x9, 0xd8, 0x7, 0xa2, 0x44, 0x3, 0x94, 0x9c,
    0x3, 0xdc, 0xc0, 0x1e, 0x14, 0xc0, 0xf, 0x28,
    0x38, 0x7, 0x8c, 0x8, 0x3, 0xda, 0x40, 0x1f,
    0x8, 0x80, 0x3e, 0x77, 0x0, 0x60,

    /* U+0038 "8" */
    0x0, 0x36, 0xfe, 0xb0, 0x4, 0xb3, 0x7d, 0x72,
    0xa0, 0xf, 0x46, 0x16, 0x5f, 0x0, 0xf8, 0x80,
    0x29, 0x45, 0x0, 0x2f, 0x80, 0xe, 0x6b, 0x29,
    0x54, 0x0, 0x38, 0xa4, 0x42, 0x88, 0x3, 0x61,
    0x63, 0xc3, 0x40, 0xc5, 0xc0, 0x3, 0x6, 0x22,
    0x2, 0x0, 0xf1, 0x1f, 0x20, 0xa5, 0xa8, 0x86,
    0x25, 0x75, 0x35, 0x0,

    /* U+0039 "9" */
    0x0, 0x4f, 0x7d, 0x90, 0x5, 0x4f, 0x58, 0x18,
    0x20, 0x4b, 0x48, 0x76, 0xc, 0xc, 0xa, 0x1,
    0x3d, 0x83, 0x81, 0x0, 0x5c, 0x60, 0x63, 0x2,
    0xd, 0x20, 0x16, 0xb7, 0x7e, 0x48, 0x4, 0x7b,
    0xdc, 0xaf, 0x20, 0xc, 0x22, 0x3, 0x70, 0xf,
    0x1a, 0x70, 0x3, 0x25, 0x17, 0x51, 0x0, 0x8,
    0x5b, 0xb3, 0x58, 0x0,

    /* U+003A ":" */
    0x9e, 0x12, 0x12, 0xad, 0x31, 0x20, 0xf, 0xc4,
    0x17, 0xa4, 0x41, 0x30,

    /* U+003B ";" */
    0x9, 0xe1, 0x2, 0x12, 0xa, 0xd3, 0x1, 0x20,
    0xf, 0xfe, 0x14, 0xf9, 0x80, 0x56, 0x12, 0xbc,
    0x8, 0x87, 0x9, 0xd1, 0xd, 0x30,

    /* U+003C "<" */
    0x0, 0xf9, 0x48, 0x3, 0x14, 0x75, 0x88, 0x1,
    0x6f, 0x4e, 0xf8, 0xd3, 0xa3, 0x3a, 0xd4, 0x3,
    0xfe, 0x4e, 0x8c, 0xeb, 0x50, 0xc, 0xb7, 0xa7,
    0x7c, 0x60, 0x18, 0xa3, 0xac, 0x40,

    /* U+003D "=" */
    0x6f, 0xff, 0x91, 0xbb, 0xbe, 0x40, 0x11, 0xf8,
    0x3, 0xfc, 0xbf, 0xff, 0x22, 0xee, 0xfc, 0x80,

    /* U+003E ">" */
    0x34, 0x0, 0xf9, 0xef, 0x9c, 0x40, 0x32, 0x7d,
    0xe7, 0x5a, 0x0, 0x65, 0xbe, 0xc9, 0xe2, 0x0,
    0xff, 0x96, 0xfb, 0x27, 0x89, 0x3e, 0xf3, 0xad,
    0x0, 0xf, 0x7c, 0xe2, 0x1, 0x80,

    /* U+003F "?" */
    0x4, 0xcf, 0xe8, 0x1, 0xab, 0xc9, 0x77, 0xf,
    0x39, 0xb9, 0xe0, 0x7, 0x9, 0x0, 0x66, 0x2b,
    0x0, 0x8e, 0x68, 0x80, 0x2e, 0x65, 0x0, 0x88,
    0x96, 0x1, 0x8a, 0x88, 0x3, 0x98, 0x3, 0x9b,
    0x20, 0x3, 0x10, 0x70, 0x0,

    /* U+0040 "@" */
    0x0, 0xe6, 0xcf, 0xf7, 0x51, 0x80, 0x78, 0xfb,
    0x23, 0xfe, 0xdd, 0x38, 0x6, 0x3d, 0xba, 0x40,
    0x0, 0xbe, 0x4a, 0x0, 0x5b, 0x6a, 0x1, 0xe2,
    0x88, 0x0, 0x1d, 0x54, 0x0, 0x8e, 0xc9, 0x60,
    0x63, 0x0, 0x57, 0x80, 0x25, 0x36, 0x59, 0x40,
    0x4, 0x40, 0x25, 0x2, 0x6d, 0x35, 0x3, 0x0,
    0x84, 0x40, 0x20, 0xa8, 0x20, 0x64, 0x1, 0x19,
    0x0, 0x6f, 0x10, 0x2, 0xb0, 0x1, 0x8, 0x46,
    0x30, 0xd4, 0x13, 0xa6, 0x13, 0xaf, 0x0, 0x3c,
    0x82, 0xa7, 0x46, 0xbf, 0x72, 0x8c, 0x1, 0x8,
    0xc1, 0x5f, 0x63, 0x5f, 0xa8, 0x1, 0xe, 0xc5,
    0x20, 0x0, 0x54, 0xc0, 0x3c, 0x7f, 0xb1, 0xfe,
    0xcc, 0x8, 0x6,

    /* U+0041 "A" */
    0x0, 0x8b, 0xf4, 0x3, 0xe5, 0x32, 0x20, 0x7,
    0xae, 0xc7, 0x40, 0x1c, 0x46, 0xb6, 0xa0, 0x1c,
    0xa4, 0x45, 0x22, 0x0, 0x6b, 0x50, 0x21, 0xa0,
    0x8, 0x4e, 0xc0, 0xe, 0xa0, 0x13, 0x6, 0x7f,
    0x98, 0x88, 0x0, 0xb5, 0xdd, 0xb0, 0x28, 0x4,
    0xfc, 0x8a, 0x35, 0x50, 0x30, 0x28, 0x6, 0xf2,
    0x25, 0xa0, 0x7, 0x20, 0x28,

    /* U+0042 "B" */
    0x6f, 0xfd, 0xb2, 0x20, 0x15, 0xee, 0x5b, 0xe8,
    0x4, 0xa4, 0x6d, 0x26, 0x20, 0x1e, 0x10, 0x10,
    0xe, 0x48, 0x60, 0xb, 0xbf, 0xd6, 0x70, 0x1,
    0x5e, 0xe5, 0x37, 0x90, 0x1, 0x48, 0xd6, 0xce,
    0x0, 0x3e, 0x76, 0x0, 0xf9, 0x18, 0x0, 0xa6,
    0x65, 0xc1, 0x80, 0x5, 0xe6, 0x2d, 0xb4, 0x80,

    /* U+0043 "C" */
    0x0, 0x92, 0xff, 0xd8, 0x80, 0x13, 0xd8, 0x4d,
    0x35, 0x88, 0x1c, 0x3d, 0xb2, 0xd6, 0x88, 0x48,
    0xc0, 0x6, 0x20, 0x2, 0xb8, 0x7, 0xf7, 0x0,
    0x7f, 0xf1, 0xf8, 0x3, 0xf2, 0xb8, 0x7, 0xe9,
    0x18, 0x0, 0xc8, 0x20, 0x6e, 0xeb, 0x55, 0x55,
    0xa0, 0x2, 0x29, 0xea, 0x8d, 0x6a,

    /* U+0044 "D" */
    0x6f, 0xfb, 0xad, 0x40, 0x3a, 0xf2, 0xc6, 0xa4,
    0x3, 0x29, 0xad, 0x43, 0x28, 0x7, 0xce, 0x5c,
    0x1, 0xf9, 0x10, 0x1, 0xfb, 0x80, 0x3f, 0xf8,
    0xfc, 0x20, 0x1f, 0x9d, 0x40, 0x3e, 0x81, 0xf0,
    0x9, 0x4d, 0x6d, 0xdc, 0x80, 0x15, 0xe5, 0x85,
    0x40, 0x0,

    /* U+0045 "E" */
    0x6f, 0xff, 0x30, 0x2, 0xae, 0xf3, 0x80, 0x11,
    0x38, 0x40, 0x3f, 0xc6, 0x1, 0xf6, 0xff, 0xd0,
    0x1, 0x5e, 0x65, 0x40, 0x12, 0x99, 0xc4, 0x1,
    0xff, 0xc7, 0x44, 0xe2, 0x0, 0x55, 0xde, 0xa0,

    /* U+0046 "F" */
    0x6f, 0xff, 0x30, 0x2, 0xae, 0xf3, 0x80, 0x11,
    0x38, 0x40, 0x3f, 0xf8, 0xdd, 0xff, 0x48, 0x5,
    0x79, 0x95, 0x80, 0x4a, 0x67, 0x10, 0x7, 0xff,
    0x54,

    /* U+0047 "G" */
    0x0, 0x8e, 0xfb, 0xf5, 0x80, 0x26, 0xc7, 0x8a,
    0x59, 0x70, 0x39, 0x6c, 0x65, 0x8d, 0x70, 0x91,
    0x90, 0xc, 0x40, 0x5, 0x70, 0xf, 0xee, 0x0,
    0xff, 0xe0, 0xff, 0xda, 0x0, 0xe0, 0xb, 0x30,
    0xc0, 0x4, 0x70, 0x8, 0xcc, 0x20, 0x8, 0x19,
    0x0, 0xf8, 0xe1, 0xad, 0x95, 0xd8, 0x40, 0xf,
    0x61, 0x35, 0x46, 0xd0,

    /* U+0048 "H" */
    0x6f, 0x10, 0xc, 0xfe, 0x1, 0xff, 0xd5, 0x30,
    0xf, 0xed, 0xff, 0xd0, 0x1, 0xaf, 0x33, 0x30,
    0x6, 0x53, 0x3d, 0xc0, 0x1f, 0xfd, 0xe0,

    /* U+0049 "I" */
    0x6f, 0x10, 0xf, 0xfe, 0xa8,

    /* U+004A "J" */
    0x0, 0xe7, 0xf0, 0xf, 0xff, 0xb3, 0x0, 0x5a,
    0x20, 0x73, 0x4b, 0xa, 0xc0, 0x76, 0xd4, 0xcc,
    0x80,

    /* U+004B "K" */
    0x6f, 0x10, 0x9, 0xbd, 0x40, 0x3c, 0x72, 0xea,
    0x1, 0xc3, 0xab, 0x0, 0x1e, 0xd3, 0xa0, 0xf,
    0x51, 0xf0, 0x7, 0xa5, 0x42, 0x80, 0x3c, 0xf1,
    0x6, 0x20, 0xe, 0x57, 0x70, 0xc8, 0x7, 0x58,
    0x2, 0xd1, 0x0, 0x1f, 0x29, 0xc8, 0x7, 0xef,
    0x26, 0x0, 0xf8, 0xd6, 0x0,

    /* U+004C "L" */
    0x6f, 0x10, 0xf, 0xff, 0xf8, 0x6, 0x44, 0xe1,
    0x0, 0x55, 0xde, 0x20,

    /* U+004D "M" */
    0x6f, 0x90, 0xe, 0x9f, 0x60, 0x3, 0x80, 0x73,
    0x80, 0x44, 0x8, 0x1, 0x20, 0x10, 0x0, 0xdf,
    0x40, 0x2e, 0x63, 0x0, 0xb5, 0xc0, 0x25, 0xb1,
    0x0, 0xa, 0x2, 0x2, 0x91, 0x80, 0x73, 0x70,
    0x7d, 0x0, 0x7a, 0x94, 0x55, 0x40, 0x1e, 0x22,
    0x59, 0x90, 0x7, 0xd4, 0xb4, 0x1, 0xf9, 0x8d,
    0xc0, 0x3f, 0xe, 0x8, 0x6,

    /* U+004E "N" */
    0x6f, 0x60, 0xc, 0xfe, 0x0, 0x80, 0xf, 0x84,
    0xe0, 0x3, 0xe8, 0x72, 0x0, 0xe1, 0x53, 0x80,
    0xf, 0xbd, 0x4c, 0x3, 0xc6, 0xbe, 0x1, 0xf4,
    0x1a, 0x88, 0x7, 0x13, 0xc0, 0x7, 0xd0, 0x7a,
    0x1, 0xf4, 0x20, 0x7, 0xcc, 0x40,

    /* U+004F "O" */
    0x0, 0x97, 0x3f, 0xd6, 0x80, 0x1a, 0x69, 0xaa,
    0x42, 0xd8, 0x0, 0x8d, 0x14, 0xad, 0x6d, 0x24,
    0x1e, 0x4e, 0x1, 0xa4, 0x2c, 0x11, 0x0, 0x1e,
    0x44, 0x0, 0x38, 0x3, 0xc4, 0x60, 0x1f, 0xfc,
    0x1e, 0x0, 0xf1, 0x10, 0x11, 0xc0, 0x38, 0x51,
    0x1, 0xe3, 0x0, 0x1a, 0xc2, 0x81, 0x1d, 0xd4,
    0xaa, 0xb5, 0x92, 0x0, 0x45, 0x35, 0x50, 0x2d,
    0x80,

    /* U+0050 "P" */
    0x6f, 0xfd, 0xb2, 0x20, 0x15, 0xe5, 0xd3, 0xe8,
    0x4, 0xa6, 0x8f, 0x66, 0x60, 0xf, 0x38, 0x30,
    0x7, 0x98, 0x18, 0x3, 0xa, 0x49, 0x98, 0x1,
    0xdf, 0xd6, 0xfa, 0x1, 0x5e, 0x6f, 0xd0, 0x80,
    0x4a, 0x64, 0x1, 0xff, 0xd3,

    /* U+0051 "Q" */
    0x0, 0x97, 0x3f, 0xd6, 0x80, 0x1d, 0x34, 0xd5,
    0x21, 0x6c, 0x1, 0x23, 0x45, 0x2b, 0x5b, 0x49,
    0x0, 0x3c, 0x9c, 0x3, 0x48, 0x58, 0x1, 0x10,
    0x1, 0xe4, 0x40, 0x5, 0xc0, 0x1e, 0x23, 0x0,
    0xff, 0xe1, 0xf0, 0x7, 0x88, 0x80, 0x4, 0x70,
    0xf, 0x22, 0x0, 0x1e, 0x2e, 0x1, 0xa4, 0x28,
    0x0, 0x8f, 0x12, 0x88, 0xa6, 0x92, 0x0, 0xa2,
    0x96, 0xec, 0x36, 0xc0, 0x1c, 0xb8, 0xe1, 0x28,
    0x1, 0xfa, 0x47, 0xd0, 0x4, 0x3, 0xc3, 0xed,
    0x7f, 0xc2, 0x1, 0xe1, 0xbe, 0xce, 0x10,

    /* U+0052 "R" */
    0x6f, 0xfd, 0xd2, 0x20, 0x15, 0xe6, 0x21, 0xf0,
    0x2, 0x53, 0x33, 0x51, 0x20, 0x7, 0x94, 0x4,
    0x3, 0xca, 0x2, 0x1, 0xc9, 0x24, 0x80, 0xe,
    0xff, 0x5b, 0x60, 0x5, 0x78, 0xa1, 0x42, 0x1,
    0x29, 0xd8, 0x58, 0x7, 0x86, 0x54, 0xc0, 0x3c,
    0xc5, 0xe0, 0x1f, 0x49, 0xb0,

    /* U+0053 "S" */
    0x0, 0x1d, 0xff, 0xb1, 0x0, 0x7, 0x81, 0x54,
    0x6b, 0x30, 0xa1, 0xb5, 0x55, 0x69, 0x81, 0x80,
    0x71, 0x0, 0x38, 0x70, 0xc0, 0x39, 0x28, 0xb3,
    0xa, 0x1, 0x97, 0xa8, 0x2b, 0x4, 0x3, 0x2e,
    0x51, 0xc0, 0x7, 0x95, 0x10, 0xe, 0x20, 0x19,
    0x98, 0x15, 0xd0, 0xaa, 0xb2, 0xf0, 0xd7, 0x5a,
    0xa3, 0xda, 0x0,

    /* U+0054 "T" */
    0x8f, 0xff, 0xc3, 0x57, 0x70, 0x2d, 0xdc, 0x24,
    0x89, 0x1, 0x22, 0x40, 0x1f, 0xff, 0xf0, 0xf,
    0xfe, 0x20,

    /* U+0055 "U" */
    0x7f, 0x0, 0xe7, 0xf0, 0xf, 0xff, 0x50, 0x80,
    0x80, 0x78, 0x80, 0x80, 0x37, 0x12, 0x85, 0x0,
    0x42, 0xe8, 0x2e, 0xd4, 0xad, 0x83, 0x61, 0x10,
    0x7a, 0x96, 0xd2,

    /* U+0056 "V" */
    0xdb, 0x0, 0xe7, 0xf1, 0x54, 0x0, 0xec, 0x41,
    0xb0, 0x40, 0xc, 0x9a, 0x6, 0x3a, 0x1, 0x28,
    0x38, 0x1, 0xdc, 0x1, 0x61, 0x88, 0x3, 0x44,
    0x80, 0xf, 0x60, 0x12, 0x2, 0x81, 0x8a, 0x80,
    0x65, 0xb0, 0x42, 0x20, 0x6, 0xf3, 0xb, 0x50,
    0xe, 0x50, 0x53, 0xb0, 0xf, 0x25, 0x89, 0x80,
    0x7b, 0x45, 0xc0, 0x30,

    /* U+0057 "W" */
    0x7f, 0x0, 0xd7, 0xc0, 0x1b, 0xa0, 0xc0, 0xc0,
    0x24, 0x12, 0x0, 0x8, 0xb1, 0x41, 0x40, 0x6,
    0x24, 0x80, 0x5, 0x5, 0x12, 0xf0, 0x2, 0x21,
    0xf0, 0x0, 0x62, 0x20, 0x75, 0x0, 0x66, 0xe2,
    0x0, 0x35, 0x40, 0x1a, 0x60, 0x4, 0x42, 0x89,
    0x3, 0x98, 0x1, 0x0, 0x8c, 0xc, 0xc0, 0xe0,
    0x58, 0x0, 0x30, 0x74, 0x40, 0x1, 0x30, 0xc1,
    0x40, 0x22, 0xdd, 0x18, 0x3, 0x15, 0x42, 0x20,
    0x9, 0xcd, 0xf0, 0x0, 0x87, 0xea, 0x1, 0xb1,
    0x9, 0x0, 0x6, 0xe, 0x60, 0x19, 0x40, 0xc0,
    0x32, 0xe, 0x0, 0x0,

    /* U+0058 "X" */
    0x3f, 0x60, 0x8, 0xbd, 0x8d, 0x60, 0x2, 0x82,
    0x60, 0x81, 0x70, 0x25, 0x80, 0x1, 0x34, 0x84,
    0x1a, 0x80, 0x50, 0x34, 0xbe, 0x1, 0x86, 0x15,
    0xc, 0x3, 0xb0, 0x18, 0x3, 0x8d, 0x2c, 0x98,
    0x3, 0x7a, 0xa3, 0x40, 0x4, 0xa7, 0x1, 0x3,
    0x0, 0x8, 0x62, 0x1, 0x77, 0xb, 0x95, 0x80,
    0x50, 0x36,

    /* U+0059 "Y" */
    0xc, 0xc0, 0x6, 0x4f, 0x40, 0x83, 0x30, 0x5,
    0xe6, 0x80, 0x85, 0x20, 0x2, 0x49, 0x0, 0xa1,
    0x48, 0x2c, 0x94, 0x2, 0x52, 0xa1, 0x68, 0x0,
    0xeb, 0x69, 0x25, 0x0, 0xe6, 0x7, 0xb0, 0xf,
    0x98, 0x18, 0x3, 0xff, 0xbe,

    /* U+005A "Z" */
    0xa, 0xff, 0xf6, 0x4, 0x5d, 0xe8, 0xa, 0x2,
    0x44, 0xd6, 0x6c, 0x1, 0xcc, 0x7c, 0x1, 0xc3,
    0x2e, 0x40, 0x1d, 0x45, 0x0, 0x1c, 0xa9, 0x20,
    0x1e, 0xb5, 0x40, 0xe, 0x90, 0xb0, 0xe, 0x36,
    0x81, 0x0, 0xee, 0x12, 0x44, 0xe3, 0x21, 0xbb,
    0xea,

    /* U+005B "[" */
    0x4f, 0xdb, 0x3, 0xdb, 0x0, 0xff, 0xf4, 0x96,
    0xd8,

    /* U+005C "\\" */
    0x97, 0x0, 0xed, 0xb0, 0xe, 0x43, 0x10, 0xe,
    0x57, 0x0, 0xef, 0xc0, 0xe, 0x45, 0x0, 0xe1,
    0x34, 0x0, 0xeb, 0xd0, 0xe, 0x57, 0x0, 0xe2,
    0x33, 0x0, 0x72, 0xd8, 0x7, 0x5a, 0x80, 0x71,
    0x98, 0x80, 0x39, 0xd4, 0x3, 0xb6, 0xc0, 0x39,
    0x2c, 0x0,

    /* U+005D "]" */
    0x6d, 0xeb, 0x6d, 0x80, 0xf, 0xff, 0x4b, 0x6c,
    0x8,

    /* U+005E "^" */
    0x0, 0x37, 0xa0, 0x6, 0xa2, 0xe0, 0x8, 0x8f,
    0xd4, 0x40, 0x14, 0xa4, 0x6c, 0x0, 0x6e, 0xa,
    0xa0, 0x28, 0x20, 0x31, 0x1f, 0x30, 0x4, 0xb4,

    /* U+005F "_" */
    0xcf, 0xff, 0xac,

    /* U+0060 "`" */
    0x0, 0xcb, 0x80, 0x7, 0x2a, 0x2, 0xc4, 0x80,
    0x2c, 0xc0,

    /* U+0061 "a" */
    0x0, 0x3e, 0xff, 0x38, 0x1, 0xee, 0xd8, 0xd0,
    0x80, 0xf8, 0xc7, 0x5, 0xc0, 0x10, 0xac, 0x18,
    0x80, 0xdf, 0xfc, 0x60, 0xd, 0xe, 0xa7, 0x60,
    0x1, 0xe8, 0x4, 0xe0, 0x1, 0xa3, 0x4b, 0x30,
    0x6, 0x8e, 0x4f, 0x38, 0x0,

    /* U+0062 "b" */
    0x8f, 0x0, 0xff, 0xe7, 0x8, 0x7, 0xf1, 0xe7,
    0xf3, 0x0, 0x43, 0xd5, 0x6f, 0x2a, 0x1, 0x63,
    0x24, 0x9c, 0x0, 0x42, 0x1, 0x21, 0x0, 0x7d,
    0xe0, 0x20, 0x1e, 0xe0, 0x10, 0xf, 0x3a, 0x0,
    0x56, 0xa9, 0x83, 0x20, 0x4, 0xd8, 0xb0, 0xc2,
    0x0,

    /* U+0063 "c" */
    0x0, 0x1d, 0xff, 0xa8, 0x40, 0xf1, 0xea, 0xc4,
    0x83, 0xcb, 0x15, 0x2c, 0xc4, 0xe8, 0x3, 0x8c,
    0x8, 0x3, 0x8c, 0x8, 0x3, 0x84, 0xa8, 0x3,
    0xd2, 0x56, 0x88, 0xa7, 0x4, 0xb7, 0xbb, 0x2,
    0x80,

    /* U+0064 "d" */
    0x0, 0xfb, 0xdc, 0x3, 0xff, 0xa2, 0x99, 0xfa,
    0xc0, 0x11, 0xdb, 0xdc, 0x50, 0x5, 0xe5, 0x68,
    0xb8, 0x0, 0x13, 0xa0, 0xf, 0x18, 0x10, 0x7,
    0x8c, 0x8, 0x3, 0xc2, 0x56, 0x1, 0x8, 0x5,
    0x67, 0x48, 0xb8, 0x1, 0x34, 0xbd, 0xcc, 0x8c,
    0x0,

    /* U+0065 "e" */
    0x0, 0x1e, 0x7f, 0x40, 0x4, 0x78, 0xd9, 0x6d,
    0x0, 0xf, 0x4a, 0x35, 0x86, 0x1, 0x3e, 0x0,
    0x90, 0x48, 0xc2, 0xbb, 0xac, 0x0, 0x18, 0x4f,
    0xfe, 0xe2, 0x13, 0xd1, 0x1e, 0x0, 0x7a, 0x52,
    0x1b, 0x30, 0x0, 0x78, 0x37, 0x94, 0x40,

    /* U+0066 "f" */
    0x0, 0x2f, 0x7c, 0x0, 0xd2, 0x65, 0x2, 0x84,
    0x99, 0x0, 0x42, 0x0, 0x7b, 0xd, 0xf0, 0x69,
    0xb, 0xd0, 0x12, 0x6, 0x20, 0xf, 0xfe, 0xc8,

    /* U+0067 "g" */
    0x0, 0x3f, 0x7f, 0xea, 0x7, 0x8b, 0xe8, 0x8,
    0x90, 0xb5, 0x50, 0xb9, 0x1, 0x80, 0xc, 0x3,
    0x78, 0x2, 0x99, 0x1, 0x8a, 0xc0, 0xe, 0x33,
    0xf7, 0x63, 0x0, 0x43, 0xef, 0xea, 0x0, 0x64,
    0x41, 0x98, 0x80, 0x2b, 0x2b, 0xcc, 0x6f, 0x20,
    0x7c, 0xff, 0xdc, 0x7e, 0x44, 0x40, 0x8, 0x58,
    0x8, 0x64, 0x80, 0x61, 0x20, 0x30, 0x33, 0xfc,
    0x5a, 0x60,

    /* U+0068 "h" */
    0x8f, 0x0, 0xff, 0xe5, 0x88, 0x7, 0xe2, 0xbf,
    0xe6, 0x0, 0xe, 0x62, 0x8a, 0x44, 0x1, 0x8e,
    0xbc, 0x8, 0x0, 0x20, 0x1, 0x1, 0x80, 0x7f,
    0xf7, 0x0,

    /* U+0069 "i" */
    0x9e, 0x11, 0x18, 0x46, 0x88, 0x5, 0x1e, 0x1,
    0xff, 0xcd,

    /* U+006A "j" */
    0x0, 0x4f, 0x8, 0x0, 0x4c, 0x2, 0x8d, 0x10,
    0xf, 0xa3, 0xc0, 0x3f, 0xfc, 0xa2, 0x4, 0x6a,
    0xa0, 0xac, 0x9, 0x0,

    /* U+006B "k" */
    0x8e, 0x0, 0xff, 0xeb, 0xde, 0x80, 0x74, 0x27,
    0x80, 0x64, 0x7b, 0x20, 0x8, 0xa9, 0x90, 0x3,
    0x78, 0x38, 0x6, 0x11, 0x78, 0x40, 0x6, 0xd1,
    0xb7, 0x20, 0x0, 0x88, 0x14, 0xe4, 0x3, 0xde,
    0x8a,

    /* U+006C "l" */
    0x8f, 0x0, 0xff, 0xe9, 0xf8, 0x12, 0x8f, 0x0,

    /* U+006D "m" */
    0x8b, 0x3c, 0xfd, 0x41, 0xaf, 0xe6, 0x0, 0x27,
    0xfb, 0x46, 0xb3, 0xf9, 0xe4, 0x80, 0x1a, 0x65,
    0x23, 0x2a, 0x30, 0x8, 0x0, 0x10, 0x0, 0x83,
    0x80, 0x4, 0x4, 0x3, 0xff, 0xea,

    /* U+006E "n" */
    0x8b, 0x3c, 0xfe, 0x60, 0x2, 0x77, 0xf3, 0xc8,
    0x80, 0x30, 0xc6, 0xc1, 0x0, 0x2, 0x0, 0x20,
    0x30, 0xf, 0xfe, 0xe0,

    /* U+006F "o" */
    0x0, 0x1d, 0xff, 0x50, 0x80, 0xf, 0x2, 0xec,
    0xf8, 0x0, 0xf3, 0xb4, 0x5f, 0x27, 0x13, 0xb0,
    0x8, 0x92, 0xcc, 0x8, 0x3, 0x8, 0x8c, 0x8,
    0x3, 0x8, 0xc7, 0x60, 0x11, 0x25, 0x87, 0x9d,
    0x22, 0xf9, 0x38, 0x1e, 0x35, 0xd9, 0xf0, 0x0,

    /* U+0070 "p" */
    0x8b, 0x5d, 0xfe, 0x60, 0x9, 0x3b, 0x9f, 0x12,
    0xc0, 0x15, 0x98, 0x32, 0x58, 0x7, 0xc6, 0x40,
    0x1f, 0x78, 0x8, 0x7, 0xb8, 0x4, 0x3, 0xce,
    0x80, 0x15, 0xaa, 0x60, 0xc8, 0x0, 0x76, 0x2c,
    0x30, 0x80, 0x26, 0xdf, 0xc3, 0x0, 0x84, 0x3,
    0xff, 0x9a,

    /* U+0071 "q" */
    0x0, 0x26, 0x7f, 0x36, 0x38, 0x1d, 0xbd, 0xda,
    0x8c, 0x1, 0xe5, 0x68, 0xb8, 0x0, 0x13, 0xa0,
    0xf, 0x18, 0x10, 0x7, 0x8c, 0x8, 0x3, 0xc2,
    0x56, 0x1, 0x8, 0x5, 0x67, 0x48, 0xb8, 0x1,
    0x34, 0xbd, 0xcf, 0x0, 0x66, 0xdf, 0xc3, 0x0,
    0xff, 0xe8, 0x80,

    /* U+0072 "r" */
    0x0, 0xf4, 0x59, 0xef, 0x90, 0x2f, 0x4e, 0x90,
    0xc, 0xa1, 0x0, 0x48, 0x1, 0xff, 0xd5,

    /* U+0073 "s" */
    0x2, 0xbf, 0xf5, 0x10, 0x73, 0xe6, 0xd, 0x80,
    0xec, 0xcd, 0x28, 0xb, 0x2e, 0x20, 0x15, 0x45,
    0x74, 0x80, 0x4d, 0xb4, 0xf4, 0x1, 0x95, 0x9c,
    0xf9, 0x89, 0x19, 0xce, 0x2f, 0x6d, 0x28,

    /* U+0074 "t" */
    0x0, 0x40, 0x80, 0x42, 0xe4, 0x1, 0x18, 0x6,
    0x9d, 0xc, 0xf8, 0x84, 0x85, 0x6c, 0x89, 0x3,
    0x10, 0x80, 0x7f, 0xf1, 0xdc, 0x3, 0x88, 0x24,
    0xcc, 0x3, 0x29, 0x94,

    /* U+0075 "u" */
    0xad, 0x0, 0x8f, 0xd0, 0x3, 0xff, 0xb8, 0x66,
    0x0, 0x90, 0x1, 0x83, 0x29, 0x36, 0x0, 0x56,
    0x65, 0x86, 0x0, 0x0,

    /* U+0076 "v" */
    0x9e, 0x0, 0xcf, 0xc1, 0xa2, 0x60, 0x15, 0xb8,
    0x20, 0xd8, 0x0, 0x4f, 0x40, 0xe, 0xa0, 0x7,
    0x14, 0x0, 0x51, 0x10, 0x35, 0xc0, 0x23, 0x15,
    0x14, 0xd0, 0xc, 0xd6, 0x82, 0x80, 0x1a, 0x8e,
    0x5c, 0x3, 0x88, 0x87, 0x40, 0x10,

    /* U+0077 "w" */
    0x6f, 0x0, 0x9b, 0xd0, 0x0, 0x3e, 0x88, 0x4,
    0x0, 0x60, 0xe8, 0x1, 0x1, 0x8, 0x70, 0x0,
    0x8c, 0x80, 0xc, 0x30, 0x2, 0x20, 0x8, 0x24,
    0x84, 0x11, 0x0, 0xf, 0x30, 0x45, 0x12, 0x41,
    0x2b, 0x0, 0x20, 0x26, 0x60, 0x13, 0x10, 0xc,
    0x0, 0x24, 0x68, 0x80, 0xc4, 0xd4, 0x0, 0xcb,
    0x40, 0x60, 0x84, 0xb8, 0x1, 0xb0, 0x90, 0x0,
    0x24, 0x44, 0x0, 0x0,

    /* U+0078 "x" */
    0x3f, 0x50, 0x2, 0x79, 0x99, 0xac, 0x1, 0x2c,
    0x61, 0x1, 0xa, 0x70, 0x0, 0x18, 0x7b, 0x81,
    0x0, 0x9c, 0x5, 0x80, 0x34, 0x20, 0xc0, 0x4,
    0x6d, 0x30, 0xe4, 0x0, 0xe6, 0x26, 0x3e, 0x7,
    0x28, 0x0, 0x79, 0xb0,

    /* U+0079 "y" */
    0x9e, 0x0, 0xcf, 0xc1, 0x42, 0x80, 0x15, 0xa0,
    0x19, 0x68, 0x0, 0x4f, 0x80, 0x14, 0xe0, 0x7,
    0x4, 0x0, 0x30, 0xa0, 0x62, 0x80, 0x42, 0x9c,
    0xb, 0xc0, 0x1b, 0x95, 0x1, 0x0, 0x32, 0x8c,
    0xa8, 0x7, 0x98, 0xb8, 0x3, 0xdc, 0x8, 0x1,
    0xea, 0x60, 0xe, 0x39, 0x3b, 0x0, 0xc9, 0x89,
    0x64, 0x1, 0x80,

    /* U+007A "z" */
    0xf, 0xff, 0x0, 0x33, 0x2a, 0x7, 0x0, 0x19,
    0xdc, 0x50, 0x1, 0x95, 0x38, 0x3, 0xd, 0xb1,
    0x80, 0x6b, 0x39, 0x0, 0xca, 0xa9, 0x0, 0xc3,
    0x68, 0xe6, 0x70, 0x38, 0xa6, 0x66, 0x20,

    /* U+007B "{" */
    0x0, 0x37, 0x58, 0x2, 0x2e, 0xc0, 0x1, 0x60,
    0xf, 0xc2, 0xe0, 0x11, 0x80, 0x46, 0x4c, 0xd,
    0x8c, 0x40, 0xd8, 0xc2, 0x0, 0x31, 0x50, 0xf,
    0xc2, 0xe0, 0x1f, 0xfc, 0x11, 0x50, 0xa, 0xee,

    /* U+007C "|" */
    0x5a, 0x0, 0xff, 0xeb, 0x0,

    /* U+007D "}" */
    0x6e, 0xb0, 0x3, 0x72, 0xa8, 0x2, 0x23, 0x0,
    0xfc, 0x26, 0x1, 0x84, 0x2, 0x6d, 0x0, 0xa1,
    0xb0, 0x1, 0xd, 0x80, 0x6, 0xd0, 0xc, 0x20,
    0x1f, 0x84, 0xc0, 0x3e, 0x13, 0x20, 0x6f, 0x54,
    0x0,

    /* U+007E "~" */
    0x4, 0xed, 0x20, 0x1, 0x80, 0xd5, 0x58, 0x65,
    0xa2, 0x16, 0x8f, 0x79, 0xb6, 0x22, 0x50, 0x2,
    0xff, 0x94, 0x0,

    /* U+4E00 "一" */
    0x1f, 0xff, 0xfe, 0x14, 0xd, 0x57, 0xff, 0xa,
    0xc0,

    /* U+4E0B "下" */
    0x4, 0x4f, 0xfe, 0x10, 0xd, 0xdf, 0xff, 0x8,
    0x87, 0xff, 0xc1, 0x5f, 0xfe, 0x20, 0xf, 0xfe,
    0x66, 0x8, 0x7, 0xff, 0x9, 0xf9, 0xc0, 0x3f,
    0xf8, 0x37, 0x53, 0xcc, 0x1, 0xff, 0xc0, 0x5e,
    0x69, 0xc1, 0x0, 0xff, 0xe0, 0x46, 0x28, 0x80,
    0x7f, 0xf0, 0x4e, 0x40, 0x3f, 0xfe, 0xc0,

    /* U+4E0D "不" */
    0x3, 0x44, 0xff, 0xe0, 0x18, 0x3, 0x6e, 0xff,
    0xf8, 0x1c, 0x0, 0xef, 0xfe, 0xd0, 0x9f, 0xfd,
    0xa0, 0x1f, 0xbc, 0xd8, 0x3, 0xff, 0x81, 0x64,
    0xa6, 0x20, 0x1f, 0xea, 0x52, 0x9, 0xf5, 0x0,
    0xf8, 0x6d, 0x35, 0x82, 0xa2, 0xa4, 0x3, 0x8f,
    0x1b, 0xc, 0x2, 0x6c, 0x4d, 0x20, 0x1a, 0xc7,
    0xd2, 0x0, 0xe3, 0xc1, 0xc1, 0x11, 0xdd, 0x0,
    0x7e, 0x1c, 0xb1, 0x9, 0x40, 0xf, 0xf9, 0x40,
    0x3f, 0xfc, 0xa0,

    /* U+4E13 "专" */
    0x0, 0xf1, 0xc8, 0x7, 0xff, 0x6, 0xc8, 0x3,
    0xfa, 0xb7, 0x67, 0x4d, 0xde, 0xa0, 0xa, 0x66,
    0xb0, 0xa9, 0x9f, 0x0, 0x46, 0x88, 0x3, 0x54,
    0x4e, 0x30, 0x1d, 0xdd, 0x27, 0xbb, 0xf5, 0x8c,
    0x45, 0x61, 0x31, 0x1f, 0x78, 0x2a, 0xc0, 0x4c,
    0xab, 0xf2, 0x0, 0x6a, 0x2d, 0xdf, 0x72, 0x80,
    0x74, 0x5c, 0xcf, 0x19, 0x28, 0x7, 0x22, 0x72,
    0xc1, 0x60, 0x7, 0x9a, 0x50, 0x7, 0x43, 0x0,
    0x3e, 0x51, 0xae, 0xf0, 0xc0, 0xf, 0xc7, 0x1d,
    0x48, 0x76, 0x60, 0x1f, 0xe4, 0xad, 0x28, 0x0,
    0xff, 0xe0, 0x14, 0xd8, 0x4,

    /* U+4E1A "业" */
    0x0, 0xcb, 0xc0, 0x4, 0xe0, 0xf, 0xfe, 0xb9,
    0x30, 0x7, 0xfc, 0xa0, 0x9, 0x20, 0xf, 0xe6,
    0x80, 0x24, 0xb0, 0xf, 0xeb, 0xb0, 0x3, 0xd8,
    0x40, 0x3e, 0x53, 0x60, 0x2, 0xb, 0x80, 0x7d,
    0x10, 0x0, 0xcd, 0x40, 0x1e, 0x60, 0x60, 0xd,
    0x38, 0x1, 0xe6, 0xf0, 0xe, 0x10, 0xf, 0xc4,
    0x1, 0xff, 0xc6, 0x9b, 0xba, 0x6, 0xed, 0x23,
    0x77, 0x97, 0xf3, 0x2a, 0x8c, 0xc5, 0x46, 0x66,
    0x60,

    /* U+4E1C "东" */
    0x0, 0xf1, 0x8, 0x7, 0xff, 0x6, 0x34, 0x3,
    0xf1, 0x19, 0xc8, 0xb6, 0x67, 0xe1, 0xc, 0xcd,
    0x61, 0x19, 0x9e, 0x60, 0xef, 0xf6, 0x5, 0xfe,
    0xff, 0xf3, 0x80, 0x6f, 0x54, 0xc, 0x50, 0xf,
    0xce, 0x56, 0x1, 0xff, 0x24, 0xe, 0x6e, 0x86,
    0xf7, 0x70, 0x6, 0x8a, 0x88, 0x81, 0xe2, 0x30,
    0x4, 0x8e, 0x2a, 0xb0, 0xe2, 0xb2, 0xa8, 0x3,
    0x35, 0x88, 0x6, 0x1e, 0x70, 0xc, 0x31, 0x1,
    0x0, 0xc3, 0xf2, 0xa0, 0x16, 0x93, 0x80, 0x78,
    0xaa, 0x84, 0x14, 0x5a, 0x0, 0x33, 0x0, 0x64,
    0x78, 0xb, 0xc1, 0x0, 0x6e, 0x12, 0x0, 0x51,
    0x40,

    /* U+4E25 "严" */
    0x5, 0xff, 0xff, 0xe0, 0x38, 0x32, 0x24, 0x60,
    0x88, 0x3, 0x44, 0x88, 0xf, 0x8e, 0xe0, 0x6e,
    0xc1, 0x16, 0x5a, 0xa0, 0x4, 0x63, 0x0, 0xf1,
    0x32, 0x0, 0x42, 0xd2, 0x1, 0xee, 0x82, 0x0,
    0xb, 0x86, 0xe8, 0x5d, 0xc1, 0xaa, 0xe, 0xe0,
    0x28, 0x2d, 0x35, 0xdd, 0x29, 0x9b, 0x75, 0xc0,
    0x15, 0x57, 0xfd, 0x20, 0x1f, 0xfc, 0x47, 0x10,
    0xf, 0xfe, 0x9, 0x10, 0x3, 0xff, 0x83, 0xea,
    0x1, 0xff, 0xc0, 0x16, 0xd0, 0xf, 0xfe, 0x1,
    0x1a, 0x0, 0x7f, 0xf0, 0xf, 0x0, 0x3f, 0xf8,
    0x20,

    /* U+4E2D "中" */
    0x0, 0xf7, 0x30, 0x7, 0xff, 0x20, 0x95, 0x78,
    0x7d, 0x57, 0x89, 0x6a, 0x23, 0x3, 0xc4, 0x6a,
    0x50, 0x4d, 0xdc, 0x31, 0xbb, 0x8c, 0x3, 0xff,
    0xa4, 0xe4, 0x58, 0x4, 0x8b, 0x8, 0x0, 0xf7,
    0x70, 0xc6, 0xee, 0x20, 0x2, 0x7f, 0xe1, 0x9f,
    0xfc, 0x62, 0xf6, 0x1, 0xfe, 0xc6, 0x0, 0xff,
    0xef, 0x0,

    /* U+4E3A "为" */
    0x0, 0x38, 0x81, 0xf8, 0x7, 0xf7, 0x68, 0x7,
    0xff, 0x2, 0x45, 0x40, 0x3f, 0x89, 0x55, 0x61,
    0x60, 0xab, 0xcc, 0x69, 0x10, 0xb8, 0x60, 0x88,
    0xe9, 0xa6, 0xdd, 0xcc, 0x9b, 0xbc, 0xa0, 0x1e,
    0x33, 0x0, 0x80, 0x42, 0x20, 0xc, 0x29, 0x6f,
    0x80, 0x13, 0xf8, 0x6, 0x92, 0x37, 0x6a, 0x0,
    0x8, 0x80, 0x22, 0x78, 0x0, 0x52, 0x18, 0x19,
    0x80, 0x2f, 0x45, 0x0, 0xf, 0x98, 0xb, 0x0,
    0xe0, 0x50, 0x6, 0x10, 0x30, 0x23, 0xc1, 0xc1,
    0x0, 0x88, 0xcd, 0x42, 0x25, 0x7d, 0x10, 0xc,
    0xb9, 0x87, 0xb0, 0x6a, 0x0, 0xf3, 0xff, 0xb9,
    0x40,

    /* U+4E8B "事" */
    0x0, 0xfb, 0x58, 0x3, 0xe1, 0xff, 0xf1, 0x4f,
    0xff, 0x58, 0xf, 0xff, 0x8a, 0xbf, 0xfa, 0xc0,
    0x23, 0xfd, 0xd8, 0xaf, 0x76, 0xf4, 0x0, 0xe1,
    0xdd, 0x8a, 0xf7, 0x61, 0x0, 0xf1, 0xee, 0xc5,
    0x7b, 0xb1, 0xb8, 0x6, 0x3d, 0xdc, 0x51, 0xbb,
    0x8c, 0x3, 0x66, 0xee, 0x28, 0xdd, 0xbe, 0x0,
    0x36, 0x6e, 0xe2, 0x8d, 0xd9, 0x0, 0x26, 0xee,
    0xf1, 0x4f, 0x74, 0x8f, 0xc2, 0xdd, 0xde, 0x2a,
    0xee, 0x95, 0xf8, 0x40, 0x1f, 0xfc, 0x55, 0xff,
    0x28, 0x7, 0x7f, 0xf0, 0xd7, 0xfd, 0x3a, 0x1,
    0xe1, 0xff, 0x1b, 0x80, 0x4c, 0xa0, 0x1e, 0x1f,
    0xf6, 0x90, 0x7, 0xc0,

    /* U+4EA1 "亡" */
    0x0, 0xf0, 0xb0, 0x7, 0xff, 0x8, 0x61, 0xc0,
    0x3f, 0xf8, 0x4d, 0x20, 0x1f, 0x88, 0xbd, 0xa6,
    0x84, 0x5c, 0x7, 0xbb, 0xea, 0x2b, 0xdd, 0xe0,
    0x3f, 0xf0, 0xd7, 0xff, 0xf8, 0x3, 0xff, 0xfe,
    0x1, 0xff, 0xde, 0xaf, 0xff, 0xe0, 0xe, 0xdb,
    0xbf, 0xf0, 0x0,

    /* U+4ED6 "他" */
    0x0, 0xd2, 0xc0, 0x1b, 0x8c, 0x3, 0xe2, 0x64,
    0x27, 0x0, 0xff, 0xa1, 0x49, 0xa4, 0x3, 0x84,
    0xc0, 0x24, 0x5b, 0x0, 0xf2, 0x57, 0x68, 0x0,
    0x68, 0x4, 0x2, 0x28, 0x19, 0x29, 0x30, 0x1c,
    0x0, 0x87, 0x7, 0x48, 0x36, 0x8, 0x0, 0xa3,
    0x40, 0x7c, 0xa1, 0xf4, 0x20, 0x1c, 0x98, 0x0,
    0x3d, 0x91, 0x0, 0xe1, 0x0, 0xf8, 0x80, 0x3c,
    0x3a, 0xc0, 0x1f, 0xfc, 0x7, 0xe6, 0xe0, 0xf,
    0xfe, 0x3, 0xff, 0x28, 0x7, 0xfd, 0xe6, 0x0,
    0x85, 0x0, 0xf3, 0x89, 0x88, 0x8, 0x89, 0x4c,
    0x3, 0xc6, 0xb9, 0xdd, 0xb4, 0x5c,

    /* U+4EE5 "以" */
    0x0, 0xff, 0xe2, 0x13, 0x0, 0x7e, 0xc7, 0x0,
    0x9e, 0x0, 0x15, 0x20, 0x18, 0x44, 0x1, 0xf4,
    0x32, 0x80, 0x46, 0x60, 0xf, 0x8a, 0x2c, 0x2,
    0x16, 0x0, 0xfc, 0xe6, 0xa0, 0x40, 0x40, 0x1f,
    0xda, 0xa0, 0xe2, 0x20, 0xf, 0xfe, 0x6, 0x28,
    0x7, 0xff, 0x5, 0xf4, 0x3, 0xf0, 0xa8, 0x1,
    0x5, 0xc0, 0x3c, 0x53, 0xde, 0x0, 0x90, 0x50,
    0xd, 0xa3, 0xa5, 0x94, 0x12, 0x6f, 0x68, 0x0,
    0x17, 0x4c, 0xb3, 0x9, 0x6a, 0x87, 0xb3, 0x1,
    0xcb, 0x30, 0x4d, 0x7b, 0x40, 0x85, 0xd1, 0x3,
    0x0, 0xd, 0x3f, 0xa0, 0x5, 0x4a, 0x40, 0x18,
    0x7a, 0x84, 0x3, 0xac, 0xc0,

    /* U+4EF6 "件" */
    0x0, 0xff, 0xe4, 0x6a, 0x82, 0x81, 0xf8, 0x7,
    0xe4, 0x25, 0x2a, 0x0, 0xff, 0xa1, 0xc1, 0x8,
    0x8c, 0x4, 0x50, 0x80, 0x4a, 0x72, 0x1a, 0x5b,
    0x41, 0xbb, 0x58, 0x0, 0x6c, 0x4, 0x93, 0x7e,
    0xc3, 0xfe, 0xa0, 0x5, 0x0, 0x50, 0xa4, 0xe,
    0x1, 0xe2, 0x5b, 0x0, 0x4c, 0x0, 0x7f, 0x17,
    0xb0, 0x4, 0x26, 0x65, 0x3, 0x3c, 0x20, 0x20,
    0x17, 0xe6, 0x52, 0x19, 0x99, 0x0, 0x3b, 0x3f,
    0xec, 0xf, 0xfc, 0xa0, 0x1f, 0xfe, 0x71, 0x0,
    0xff, 0xe0, 0x0,

    /* U+4F24 "伤" */
    0x0, 0xc6, 0x1, 0x20, 0x7, 0xf8, 0x70, 0xc1,
    0xa4, 0x3, 0xfc, 0xc6, 0x60, 0xb5, 0x11, 0xf0,
    0x4, 0x33, 0x0, 0xe4, 0xfd, 0xde, 0x10, 0x4,
    0xa, 0x1c, 0x57, 0x56, 0xf7, 0x61, 0x4, 0x60,
    0x7, 0x3a, 0x8d, 0xb0, 0x8e, 0x2, 0xb5, 0x0,
    0x64, 0x0, 0x5, 0xc0, 0x38, 0xd6, 0x40, 0xd,
    0xff, 0x6, 0x7f, 0xce, 0x3, 0x40, 0x13, 0x6e,
    0xa8, 0x37, 0x64, 0x0, 0xf8, 0x48, 0x86, 0x62,
    0x28, 0x3, 0xfe, 0xab, 0x0, 0xc2, 0x1, 0xf9,
    0xd, 0x80, 0x27, 0x30, 0xf, 0x86, 0xa0, 0x40,
    0x22, 0x60, 0xf, 0x1f, 0xab, 0x80, 0x81, 0x9,
    0x0, 0x7b, 0x9a, 0xc0, 0x17, 0xfa, 0xa2, 0x1,
    0x1f, 0x86, 0xc0, 0x5, 0x5f, 0xea, 0x0, 0x0,

    /* U+4F4D "位" */
    0x0, 0xfe, 0x20, 0xf, 0xf6, 0x30, 0x5, 0xec,
    0x1, 0xf8, 0xcc, 0xe0, 0x12, 0xe8, 0x7, 0xe8,
    0x60, 0x55, 0xbc, 0x95, 0x62, 0x0, 0x95, 0x2c,
    0xa2, 0x2a, 0x48, 0x89, 0x0, 0x3, 0x60, 0x66,
    0xdc, 0xdd, 0xdf, 0x8c, 0x0, 0xa0, 0xc, 0x3c,
    0x20, 0x17, 0xb8, 0x0, 0x96, 0x80, 0x21, 0x12,
    0x80, 0x44, 0xa0, 0x2, 0xf6, 0x0, 0xca, 0x60,
    0x2, 0x3, 0x0, 0x84, 0x3, 0x8f, 0x40, 0xe,
    0x40, 0x1f, 0xee, 0x70, 0x6, 0xa0, 0x7, 0xf9,
    0x48, 0x0, 0x9e, 0x1, 0xfe, 0x13, 0x0, 0x1a,
    0x0, 0x7e, 0x45, 0x79, 0x57, 0x7, 0x55, 0x0,
    0x7a, 0x23, 0xa8, 0xa2, 0x21,

    /* U+4F59 "余" */
    0x0, 0xfc, 0xa0, 0x1f, 0xfc, 0x2a, 0xa1, 0x0,
    0x7f, 0xf0, 0x29, 0x9f, 0xc, 0x3, 0xf8, 0xb4,
    0x72, 0x21, 0x8c, 0x1, 0xf3, 0xea, 0x58, 0x1,
    0xb2, 0x30, 0xc0, 0x25, 0xd9, 0x3e, 0x77, 0xc8,
    0xc1, 0x96, 0x83, 0xb, 0xcb, 0xba, 0xb8, 0xdd,
    0x17, 0xe8, 0x80, 0xec, 0x4, 0xd5, 0x24, 0x6a,
    0xa3, 0x2a, 0x40, 0x1, 0x9f, 0x10, 0x99, 0xf1,
    0x0, 0x13, 0x33, 0xa0, 0x33, 0x3b, 0x80, 0x9,
    0xfe, 0xef, 0xf5, 0xf, 0xfb, 0xbf, 0xd8, 0x1,
    0x8b, 0xd8, 0x3, 0xf, 0xc0, 0x7, 0x26, 0x4b,
    0x0, 0x61, 0xc5, 0xb0, 0x9, 0xee, 0xce, 0x22,
    0x20, 0x8, 0xb1, 0xec, 0x0, 0xda, 0xa1, 0x3d,
    0xe, 0x1, 0xe, 0xd0, 0x0, 0x48, 0x1, 0x1f,
    0xe9, 0x0, 0xc2, 0x20,

    /* U+4F60 "你" */
    0x0, 0xc6, 0x20, 0x44, 0x0, 0xff, 0xb5, 0x2,
    0xa4, 0x3, 0xfc, 0xc0, 0xa0, 0xba, 0x1, 0xfe,
    0x88, 0x1, 0x90, 0x2a, 0xf3, 0x10, 0x2, 0x45,
    0x82, 0x46, 0xa6, 0xa2, 0x66, 0x40, 0x46, 0x0,
    0x12, 0xee, 0x60, 0x3b, 0x30, 0x2a, 0x56, 0x80,
    0x9, 0x53, 0x0, 0xe1, 0x11, 0x82, 0xc0, 0x2,
    0xad, 0xd0, 0x2, 0x46, 0xf0, 0x2a, 0x0, 0x84,
    0x52, 0x1, 0x9e, 0x4, 0x3, 0xe4, 0x14, 0x0,
    0x8c, 0xd2, 0x1, 0xf7, 0xb8, 0x7, 0x4b, 0x0,
    0x79, 0x11, 0x20, 0x1c, 0xa2, 0x60, 0x1c, 0x32,
    0x20, 0x1e, 0x60, 0xf, 0x2b, 0x1, 0x18, 0x8,
    0x2, 0x4c, 0x2, 0x10, 0xd, 0x18, 0x64, 0x1,
    0x80,

    /* U+4FD7 "俗" */
    0x0, 0xca, 0x60, 0x4, 0x10, 0x30, 0xf, 0xd6,
    0xc0, 0x96, 0x61, 0x16, 0x1, 0xe7, 0x5, 0x1a,
    0x92, 0xb, 0x7a, 0x0, 0xe9, 0x81, 0xc4, 0x66,
    0x83, 0x5e, 0x40, 0x29, 0x16, 0x91, 0xa1, 0x8b,
    0x1, 0xf0, 0x9, 0x18, 0x42, 0x30, 0x2d, 0x5a,
    0x0, 0xa4, 0xa, 0xd0, 0x3, 0x42, 0x55, 0x19,
    0x80, 0x11, 0x34, 0x0, 0x50, 0xfa, 0x22, 0xd9,
    0x80, 0xa, 0x40, 0x5, 0x8d, 0x86, 0x0, 0x3c,
    0x6c, 0x20, 0xc, 0x6c, 0x99, 0xff, 0xb1, 0x58,
    0x3, 0x86, 0x89, 0x77, 0x73, 0xd, 0x10, 0x7,
    0xc6, 0x45, 0x84, 0x3, 0xff, 0x9c, 0x48, 0x98,
    0x80, 0x3f, 0xc9, 0x33, 0x90, 0x2,

    /* U+4FE1 "信" */
    0x0, 0xcc, 0x1, 0xb, 0x0, 0x7f, 0x14, 0x80,
    0x43, 0xc, 0x1, 0xfa, 0xd4, 0x3, 0x47, 0x0,
    0x7c, 0x2d, 0x3d, 0xff, 0x4b, 0xff, 0xe4, 0x0,
    0x40, 0x1f, 0x77, 0xf9, 0x0, 0xd8, 0x2, 0x55,
    0xfc, 0x20, 0xe, 0x30, 0xb, 0xbf, 0xfd, 0xc0,
    0x2, 0xf, 0x0, 0xaa, 0xef, 0xd4, 0x0, 0x2d,
    0x10, 0xb, 0x7b, 0xbd, 0xa0, 0x1f, 0xb7, 0xbb,
    0xda, 0x1, 0xf0, 0xff, 0xfe, 0x0, 0xfe, 0xff,
    0xee, 0x1, 0x0, 0xff, 0xe0, 0x88, 0x7, 0xf8,
    0x8b, 0xc0, 0x1f, 0xef, 0xff, 0x0, 0x71, 0x70,
    0xf, 0xee, 0xfb, 0xc4, 0x0,

    /* U+5165 "入" */
    0x0, 0xff, 0xe4, 0xe, 0xa0, 0x7, 0xff, 0x4,
    0x56, 0xd0, 0x3, 0xff, 0x83, 0xf, 0x64, 0x1,
    0xff, 0xc1, 0x82, 0x90, 0xf, 0xfe, 0x11, 0x22,
    0x80, 0x7f, 0xf0, 0xc, 0x12, 0x0, 0x3f, 0xf8,
    0x14, 0x54, 0x4a, 0x1, 0xfe, 0x16, 0xb1, 0x78,
    0x0, 0xff, 0x48, 0xb0, 0x49, 0x30, 0x7, 0xe2,
    0x78, 0x0, 0xc, 0x48, 0x80, 0x78, 0x7c, 0xd8,
    0x2, 0x72, 0xd0, 0xe, 0x1d, 0x3d, 0x0, 0xee,
    0x3b, 0x0, 0x93, 0xc7, 0x4, 0x3, 0x8e, 0x93,
    0x48, 0x65, 0x70, 0x80, 0x3e, 0x5b, 0x3, 0x1d,
    0xb1, 0x0, 0xfe, 0x4d, 0x10,

    /* U+5168 "全" */
    0x0, 0xf8, 0xc8, 0x3, 0xff, 0x82, 0x5b, 0x0,
    0x1f, 0xfc, 0x1, 0xf4, 0x43, 0x80, 0x7f, 0x8b,
    0x1e, 0xb2, 0x64, 0x1, 0xf9, 0x31, 0x28, 0xb,
    0x12, 0xc4, 0x3, 0xa6, 0xe6, 0x40, 0x11, 0x68,
    0xf3, 0x0, 0x17, 0x91, 0x41, 0xdf, 0xda, 0x93,
    0x82, 0xf1, 0xa1, 0xbb, 0x45, 0xee, 0xd9, 0xd6,
    0x24, 0xc1, 0x55, 0x8a, 0xab, 0x38, 0xb8, 0x7,
    0xff, 0x23, 0xff, 0x14, 0xff, 0xd6, 0x1, 0xee,
    0xec, 0x51, 0xdd, 0x50, 0x7, 0x84, 0x70, 0x8,
    0xf0, 0x7, 0xfc, 0x20, 0x1f, 0xbf, 0xfc, 0x51,
    0xff, 0xd4, 0x0,

    /* U+5173 "关" */
    0x0, 0xc8, 0x1, 0xe5, 0x20, 0xf, 0x15, 0xa8,
    0x6, 0x1a, 0x70, 0xf, 0x14, 0x58, 0x6, 0x84,
    0x50, 0xe, 0x33, 0x21, 0x21, 0x99, 0x5b, 0x8c,
    0xc0, 0x1b, 0x32, 0x3b, 0xcc, 0x50, 0x56, 0x60,
    0x40, 0x2f, 0xfe, 0x54, 0xff, 0xe1, 0x0, 0xff,
    0xeb, 0x77, 0xff, 0x2a, 0x7f, 0xf8, 0x1, 0x99,
    0xd6, 0x0, 0x9c, 0xce, 0x0, 0x11, 0x9e, 0xc0,
    0x6b, 0x33, 0xe0, 0xf, 0x33, 0xcc, 0x82, 0xc0,
    0x3f, 0xa6, 0x4e, 0xc1, 0x8b, 0x84, 0x1, 0x85,
    0xf9, 0xea, 0x0, 0x3, 0xef, 0xb4, 0x60, 0xc,
    0x96, 0xf5, 0x0, 0xc3, 0x74, 0xfa, 0x21, 0x9d,
    0x2, 0x1, 0xf2, 0xef, 0x88,

    /* U+5176 "其" */
    0x0, 0x8f, 0xc0, 0x3d, 0xe6, 0x1, 0xa3, 0x38,
    0x33, 0x3c, 0x1d, 0x92, 0x0, 0xb9, 0xa0, 0x99,
    0xf0, 0x54, 0xe8, 0x0, 0xd5, 0x1, 0x57, 0xc0,
    0x8a, 0x80, 0x1e, 0xff, 0xf0, 0x7, 0xfb, 0xbb,
    0xc0, 0x1f, 0xfc, 0xee, 0xef, 0x0, 0x7f, 0xbf,
    0xfc, 0x1, 0xc3, 0x10, 0xa0, 0x88, 0xf0, 0x54,
    0x40, 0x40, 0x88, 0x6a, 0x45, 0xe5, 0x32, 0x20,
    0xd, 0x55, 0x89, 0xb5, 0x4c, 0x7d, 0xba, 0xa0,
    0x81, 0x47, 0x5c, 0x38, 0x1, 0xa7, 0x3a, 0x88,
    0x1, 0xe5, 0x5a, 0xc0, 0x19, 0x2f, 0x42, 0x40,
    0x1b, 0x48, 0x1, 0xf8, 0xaa, 0xc0,

    /* U+5185 "内" */
    0x0, 0xf2, 0x70, 0x7, 0xff, 0x20, 0xfb, 0xba,
    0xc7, 0xbb, 0x7c, 0xb8, 0xd5, 0x67, 0x1a, 0xac,
    0x80, 0x1, 0x44, 0xdc, 0x68, 0x98, 0x80, 0x3e,
    0xf0, 0xf, 0xfe, 0xb, 0x86, 0x8, 0x7, 0xf4,
    0x9e, 0xb6, 0x8, 0x7, 0xd0, 0xde, 0x14, 0xd8,
    0x20, 0x18, 0xf1, 0xb0, 0x80, 0x16, 0x3a, 0x1,
    0x89, 0x3c, 0xc0, 0x36, 0xf8, 0x6, 0x18, 0x10,
    0xe, 0x13, 0x0, 0xff, 0x84, 0xcc, 0x40, 0x1f,
    0xe3, 0xcc, 0x36, 0x80,

    /* U+5199 "写" */
    0xef, 0xff, 0xfe, 0x2, 0x85, 0x6c, 0xcb, 0x77,
    0xe1, 0x0, 0x9, 0x67, 0x11, 0x7c, 0x0, 0xc4,
    0x7, 0xe1, 0x1f, 0x6, 0x29, 0x0, 0xa, 0x7b,
    0xbc, 0xe4, 0x1, 0x18, 0xff, 0xfc, 0xe0, 0x19,
    0x8, 0xbf, 0x80, 0x36, 0x9e, 0xef, 0xde, 0x1,
    0xab, 0xff, 0xe8, 0x60, 0x0, 0x91, 0x7e, 0xe,
    0x10, 0x5, 0xee, 0xfe, 0x32, 0xd0, 0x5, 0x7f,
    0xfe, 0x35, 0x30, 0xf, 0xc2, 0x33, 0xa, 0x80,
    0x7e, 0x9e, 0xe4, 0xc8, 0x40, 0x3f, 0x47, 0xfc,
    0xc0, 0x10,

    /* U+51FA "出" */
    0x2, 0x20, 0x5, 0xcc, 0x1, 0x9, 0x80, 0x2e,
    0xc0, 0x1f, 0x9f, 0x40, 0x3f, 0xfc, 0x2d, 0xbb,
    0xc, 0x6e, 0xd0, 0x1, 0x55, 0x22, 0x20, 0x78,
    0x8a, 0xe8, 0x9, 0x15, 0x70, 0xfa, 0xae, 0x13,
    0x78, 0x0, 0xff, 0x4d, 0x80, 0x7f, 0xf8, 0x37,
    0x70, 0xc6, 0xee, 0x30, 0x4a, 0x88, 0xd5, 0x71,
    0x18, 0x80,

    /* U+5206 "分" */
    0x0, 0xff, 0xe4, 0x1f, 0x8, 0x1, 0x34, 0x3,
    0xfa, 0x8, 0x40, 0x8, 0x10, 0x1, 0xf2, 0x23,
    0xc0, 0x34, 0xb9, 0x80, 0x70, 0xd3, 0x18, 0x6,
    0x46, 0xe1, 0x0, 0xda, 0x72, 0x1, 0xe9, 0xd,
    0x0, 0xe, 0x1d, 0x2a, 0xfe, 0xb2, 0xc0, 0x3,
    0x55, 0x22, 0xea, 0xe2, 0x2b, 0xac, 0xa0, 0x1a,
    0x5d, 0xd8, 0x3b, 0x76, 0x97, 0x26, 0x0, 0xf2,
    0x90, 0x6, 0xf1, 0x0, 0xfd, 0x4a, 0x1, 0x88,
    0xc0, 0x3e, 0x43, 0xa0, 0xc, 0x22, 0x0, 0xf1,
    0xd3, 0x90, 0x6, 0x6e, 0x0, 0xe7, 0xc7, 0x80,
    0x12, 0x22, 0x12, 0x80, 0x6c, 0xaa, 0x48, 0x5,
    0xba, 0xb5, 0x30, 0xd, 0xba, 0x50, 0x8, 0x7f,
    0xea, 0x0, 0xc0,

    /* U+524D "前" */
    0x0, 0x89, 0x0, 0x3c, 0x86, 0x1, 0xe1, 0xb4,
    0x0, 0xc3, 0x48, 0x1, 0xe3, 0x88, 0x0, 0x68,
    0x27, 0x0, 0x8b, 0xfe, 0x83, 0xff, 0xcc, 0x7f,
    0xf1, 0x13, 0x77, 0xff, 0x84, 0x40, 0x4c, 0xd9,
    0xc4, 0x8b, 0x1e, 0x18, 0x0, 0xae, 0x66, 0xb8,
    0x5, 0xc0, 0x0, 0x80, 0x76, 0xed, 0x20, 0x1f,
    0xfc, 0x9, 0x9a, 0xc0, 0x3f, 0xf8, 0x19, 0x93,
    0x0, 0x7f, 0xf0, 0x15, 0x6d, 0x0, 0xff, 0xe0,
    0x77, 0x50, 0x1, 0xff, 0xc0, 0xee, 0xa0, 0x0,
    0xf4, 0x1, 0xff, 0xc2, 0x26, 0x13, 0x0, 0xf9,
    0x3e, 0x30, 0x0, 0x9d, 0xa8, 0x20, 0x2, 0xf0,
    0x4f, 0xf3, 0x80, 0x13, 0xfd, 0x60, 0x0,

    /* U+5305 "包" */
    0x0, 0xc6, 0x40, 0x1f, 0xfc, 0x2e, 0x50, 0xf,
    0xfe, 0xb, 0x12, 0x19, 0xfc, 0x40, 0x18, 0xa4,
    0x33, 0x3f, 0x48, 0x6, 0xf4, 0xff, 0xfc, 0xe2,
    0x0, 0x1c, 0x3e, 0x44, 0xe1, 0x0, 0xf2, 0x8e,
    0xd4, 0xce, 0xb5, 0x0, 0x9, 0x80, 0x13, 0x48,
    0x33, 0x76, 0x10, 0x8, 0xc4, 0x3, 0xff, 0x84,
    0x3e, 0x1, 0xe8, 0x99, 0x84, 0x2, 0x61, 0x0,
    0xf0, 0x8e, 0x77, 0x22, 0x92, 0x80, 0x7a, 0x62,
    0x30, 0xcc, 0x31, 0x80, 0x7f, 0xc5, 0xba, 0x91,
    0xc0, 0x8, 0x41, 0xc8, 0xbf, 0x41, 0x0, 0x69,
    0x8d, 0xdf, 0xcf, 0x60,

    /* U+5317 "北" */
    0x0, 0xff, 0xe4, 0xeb, 0x0, 0x3d, 0x0, 0x3f,
    0xfa, 0xc4, 0x40, 0x1, 0xa2, 0x46, 0x1, 0xe3,
    0xc9, 0x0, 0x6d, 0xdc, 0x20, 0x1d, 0x18, 0xd6,
    0x0, 0xef, 0xf8, 0x80, 0x35, 0x26, 0x40, 0x7,
    0xff, 0x1, 0xb0, 0xc0, 0x3f, 0xf8, 0x38, 0x1,
    0xff, 0xcd, 0x52, 0x0, 0xfc, 0x60, 0x3, 0x8e,
    0xb0, 0xf, 0xef, 0x54, 0xc3, 0xbe, 0x20, 0xf,
    0xc2, 0x24, 0xdb, 0x50, 0xe, 0x13, 0x22, 0x21,
    0x30, 0x10, 0x7, 0xcd, 0x1b, 0xab, 0x52,

    /* U+533B "医" */
    0x4f, 0xff, 0xfe, 0x8, 0x80, 0xee, 0xd5, 0x9b,
    0xbf, 0x8, 0x0, 0x8a, 0xb7, 0x22, 0xf8, 0x3,
    0x9c, 0x49, 0x9b, 0xc0, 0x1c, 0x70, 0xb9, 0x53,
    0x99, 0x84, 0x3, 0x44, 0xd5, 0x20, 0x6a, 0xb0,
    0x80, 0x6a, 0x71, 0x1f, 0xe0, 0x8, 0x7b, 0xb5,
    0x7, 0x76, 0xc0, 0x8, 0x7f, 0xf2, 0x84, 0xff,
    0xda, 0x1, 0xf2, 0x2d, 0x5d, 0x0, 0x7f, 0x45,
    0xca, 0xe0, 0xe0, 0x80, 0x74, 0x79, 0xe3, 0x0,
    0xdb, 0x60, 0x4, 0x29, 0xf1, 0xee, 0x89, 0xb9,
    0x50, 0x9c, 0xa6, 0xa9, 0x33, 0xf2, 0xca, 0x0,

    /* U+5355 "单" */
    0x0, 0xc2, 0x1, 0xe1, 0x0, 0xf1, 0xf1, 0x80,
    0x66, 0xf0, 0xf, 0x1b, 0xf0, 0x6, 0x8b, 0x0,
    0xe7, 0x91, 0x29, 0x9b, 0x7, 0x24, 0xc0, 0x2a,
    0x3e, 0x8e, 0x63, 0xb8, 0xe7, 0x60, 0xd, 0xee,
    0xf0, 0xfb, 0xbc, 0x1, 0xea, 0xff, 0x86, 0xbf,
    0xe1, 0x0, 0xea, 0xff, 0x86, 0xbf, 0xe1, 0x0,
    0xf0, 0x8e, 0x1, 0x18, 0x3, 0x86, 0xbb, 0xa0,
    0xae, 0xe8, 0x40, 0x36, 0x7f, 0xe1, 0xaf, 0xfc,
    0xa0, 0xdf, 0xfe, 0x1a, 0xff, 0xed, 0x7c, 0xcf,
    0x4, 0x66, 0x77, 0x89, 0x9f, 0x84, 0x8c, 0xf8,
    0x80, 0x3f, 0xf8, 0x60,

    /* U+5357 "南" */
    0x0, 0xf3, 0xf0, 0x7, 0xd9, 0xff, 0xd0, 0x3f,
    0xfe, 0x4e, 0xcc, 0xe7, 0x1c, 0xcf, 0x21, 0x19,
    0xf7, 0x81, 0x9f, 0x80, 0xbf, 0xfa, 0x7, 0xff,
    0x8c, 0x2, 0xde, 0x89, 0xee, 0x6a, 0xf7, 0x0,
    0x38, 0x84, 0xe0, 0x44, 0x80, 0x22, 0x0, 0xf2,
    0x11, 0xbb, 0x41, 0x28, 0x7, 0xc5, 0xe9, 0x70,
    0xe3, 0xa0, 0x1f, 0x34, 0xca, 0x8a, 0x65, 0x0,
    0x1e, 0x1f, 0xfa, 0x4f, 0xfe, 0x20, 0xe, 0x1f,
    0xfa, 0xf, 0xfe, 0x20, 0xf, 0xe1, 0x0, 0xc2,
    0x1, 0xff, 0xc0, 0x4f, 0xe2, 0x20, 0x17, 0x80,
    0x66, 0xc0, 0x4f, 0xf6, 0x88, 0x0,

    /* U+53D1 "发" */
    0x0, 0xf9, 0xd0, 0x0, 0x40, 0x1f, 0x4d, 0x80,
    0x28, 0xc0, 0x1f, 0x0, 0x1e, 0x7d, 0x0, 0x11,
    0x0, 0x1e, 0xce, 0x1, 0x94, 0x18, 0x10, 0x10,
    0x0, 0x5a, 0xa0, 0x1a, 0x7, 0xfd, 0x61, 0xdf,
    0xf6, 0x6f, 0x0, 0x53, 0x99, 0x12, 0xe6, 0x7b,
    0x40, 0x24, 0x33, 0x9, 0x71, 0x9f, 0xc0, 0x1e,
    0xb0, 0xbf, 0xfe, 0x50, 0xf, 0x13, 0x5, 0xe6,
    0x52, 0xe, 0x1, 0xe9, 0x25, 0xe3, 0x3a, 0x98,
    0x80, 0x39, 0xd3, 0xad, 0x1c, 0x24, 0xa0, 0x3,
    0x9e, 0x24, 0xc7, 0x62, 0xdb, 0x44, 0x3, 0x4c,
    0x4b, 0x0, 0x4, 0x90, 0xc4, 0x3, 0xa, 0xe3,
    0x1, 0xd6, 0xa6, 0xb6, 0xd2, 0x0, 0x7, 0xc,
    0x33, 0x7, 0xb2, 0x55, 0x87, 0x7e, 0x40, 0x1b,
    0x7e, 0x48, 0x2, 0x39, 0xfd, 0x20,

    /* U+53D6 "取" */
    0x3f, 0xff, 0x90, 0x3, 0xe3, 0xa0, 0xcc, 0x58,
    0x5d, 0x6e, 0xee, 0x90, 0x3, 0x81, 0x99, 0x41,
    0x68, 0xee, 0x64, 0x80, 0x1c, 0x45, 0x0, 0x11,
    0x49, 0x10, 0x3e, 0x1, 0xb3, 0x1a, 0x1, 0x1e,
    0x0, 0x15, 0x40, 0x1b, 0xb9, 0xe0, 0x16, 0x20,
    0x18, 0x98, 0x7, 0xf9, 0xc, 0x2d, 0x40, 0x3b,
    0xfd, 0xc0, 0x19, 0x15, 0xbc, 0x3, 0xbb, 0x9a,
    0x1, 0xb6, 0x81, 0x40, 0x38, 0x44, 0x60, 0xa4,
    0xe, 0xc, 0x1, 0xa, 0x4, 0xdf, 0x84, 0xb8,
    0x48, 0x28, 0x4, 0x54, 0xbd, 0xcd, 0xc, 0x54,
    0x7c, 0x9, 0x0, 0x1e, 0x53, 0xa9, 0x0, 0x16,
    0xe8, 0xfd, 0xe8, 0x3, 0xfb, 0xa9, 0x40, 0xb0,
    0x3, 0xe1, 0xf1, 0xb5, 0x0, 0x8a, 0x80,

    /* U+53EA "只" */
    0x0, 0x9, 0x9f, 0xf8, 0x80, 0x32, 0x66, 0x7f,
    0xc0, 0x1c, 0x3f, 0xff, 0xa4, 0x3, 0xff, 0xd6,
    0x45, 0xf8, 0x40, 0x3c, 0x3b, 0xbf, 0xa0, 0x3,
    0x97, 0xff, 0xfd, 0xc0, 0x1f, 0x21, 0x0, 0x48,
    0x20, 0x1f, 0x92, 0xd0, 0x2, 0xef, 0x30, 0xf,
    0x2d, 0xc3, 0x0, 0x55, 0x38, 0xa0, 0x1a, 0x2a,
    0x5c, 0x3, 0x9e, 0xa8, 0xe0, 0xb, 0x6c, 0x60,
    0xf, 0x96, 0xa0, 0xc2, 0xb8, 0xc0, 0x3f, 0x97,
    0x8c,

    /* U+53F7 "号" */
    0x0, 0x7f, 0xff, 0x80, 0x3b, 0x3b, 0xbd, 0x60,
    0x1e, 0x11, 0xf9, 0xc0, 0x3d, 0xd9, 0x9e, 0xf0,
    0xe, 0xb8, 0x8f, 0xd6, 0x1, 0x91, 0x3f, 0xc0,
    0xf, 0xff, 0xfe, 0xf, 0x76, 0x27, 0xee, 0xfe,
    0x11, 0x11, 0x30, 0xcf, 0xe1, 0x0, 0xac, 0x2f,
    0x77, 0xe0, 0xd, 0x1f, 0xff, 0x41, 0x80, 0x7f,
    0xf0, 0x31, 0x40, 0x3f, 0x10, 0x88, 0xd3, 0x40,
    0x3f, 0x5f, 0x73, 0x19, 0x0, 0x3f, 0x4f, 0xfd,
    0x20, 0x10,

    /* U+540D "名" */
    0x0, 0xf2, 0x30, 0x7, 0xfc, 0x56, 0x20, 0x1f,
    0xe2, 0xc0, 0x8f, 0xfe, 0x40, 0x9, 0x31, 0x37,
    0x7a, 0x5, 0x0, 0x66, 0xda, 0x88, 0xb0, 0x4d,
    0x0, 0x15, 0x2f, 0x39, 0x0, 0x5, 0x90, 0x80,
    0x4, 0xd4, 0x44, 0x5b, 0xb6, 0x5b, 0x0, 0x7c,
    0xd1, 0xb, 0xd5, 0x0, 0xf9, 0x2a, 0x12, 0x40,
    0xce, 0x20, 0x48, 0xeb, 0x41, 0x5a, 0xdd, 0xb2,
    0xc3, 0x6, 0x8e, 0x7b, 0xbd, 0x20, 0x8, 0x94,
    0x0, 0xff, 0xe8, 0xc7, 0x77, 0xa4, 0x3, 0xcd,
    0xbb, 0xe7, 0x0,

    /* U+5426 "否" */
    0xf, 0xff, 0xfe, 0x10, 0x3, 0x77, 0xd2, 0x11,
    0xbb, 0xc0, 0x2, 0x2e, 0x49, 0x47, 0x2, 0x2c,
    0x1, 0xc5, 0x70, 0x44, 0x5d, 0xb3, 0x0, 0xe2,
    0xad, 0x1f, 0x70, 0x5e, 0x2c, 0xa1, 0x2, 0xcd,
    0x6c, 0xa1, 0x0, 0x86, 0x75, 0xbc, 0x4a, 0xf3,
    0x6, 0x1, 0xf1, 0x65, 0x8, 0x39, 0x80, 0x69,
    0xb0, 0xe, 0x40, 0x8, 0xbf, 0xf6, 0x6f, 0xfe,
    0x40, 0xf, 0x6f, 0x77, 0xc0, 0x1f, 0x8c, 0x47,
    0xe0, 0xf, 0xfe, 0x66, 0xe6, 0x7c, 0x1, 0xfa,
    0x62, 0x3e, 0x0, 0xf1, 0x7a, 0xa2, 0x7d, 0xe8,
    0x0,

    /* U+542B "含" */
    0x0, 0xfc, 0x20, 0x1f, 0xfc, 0x2a, 0xc0, 0xf,
    0xfe, 0xc, 0xa1, 0xb0, 0x7, 0xf8, 0x71, 0xf3,
    0x11, 0x42, 0x1, 0xf3, 0xf3, 0xdd, 0x8f, 0xc7,
    0xd8, 0x2, 0x18, 0xe9, 0xab, 0x43, 0xf2, 0xbb,
    0x47, 0x49, 0x1, 0xc6, 0x39, 0x1c, 0x4b, 0x93,
    0xf5, 0x99, 0xd, 0xbe, 0xef, 0x45, 0xee, 0x99,
    0x68, 0x2, 0x1f, 0xff, 0x71, 0x33, 0x0, 0x3c,
    0x23, 0xc5, 0x8d, 0x2, 0x1, 0xc7, 0xdd, 0xda,
    0x49, 0xdc, 0x20, 0xf, 0x7f, 0xfd, 0xa0, 0x1f,
    0xfc, 0xcc, 0xcf, 0xbc, 0x3, 0xf4, 0x47, 0xd6,
    0x1, 0xe3, 0xf4, 0x4f, 0x9b, 0xc8, 0x0,

    /* U+544A "告" */
    0x0, 0x96, 0xc0, 0xb, 0xc0, 0x1f, 0xe9, 0x12,
    0x21, 0x89, 0x16, 0x10, 0xc, 0xa6, 0xbb, 0xa9,
    0xd, 0xdd, 0x80, 0x11, 0x5d, 0x7f, 0xd4, 0x3f,
    0xfb, 0x40, 0x25, 0x75, 0x0, 0xff, 0xe0, 0xe9,
    0xd5, 0x69, 0x1a, 0xaf, 0x0, 0x37, 0x7d, 0x71,
    0xbb, 0xe0, 0x3, 0xbf, 0xff, 0x8, 0x2, 0x3f,
    0xff, 0xf1, 0x80, 0x7b, 0x77, 0xf0, 0x38, 0x7,
    0x88, 0xbf, 0x0, 0x7f, 0xf3, 0x37, 0x7f, 0x0,
    0x7e, 0x99, 0xfc, 0x1, 0xe3, 0xf4, 0x4f, 0xde,
    0x80, 0x0,

    /* U+5458 "员" */
    0x0, 0x67, 0xff, 0xf2, 0x0, 0x73, 0xff, 0xfb,
    0x80, 0x3f, 0xf8, 0x42, 0x1, 0xf3, 0xff, 0xfc,
    0x1, 0xed, 0xee, 0xfe, 0x40, 0xc, 0x67, 0xfe,
    0x20, 0x9, 0x77, 0x7f, 0xd8, 0x1, 0x87, 0xff,
    0xf4, 0x80, 0x7f, 0x2f, 0x0, 0x7f, 0xf4, 0x30,
    0x80, 0x3f, 0x32, 0x0, 0x15, 0xa2, 0xa, 0xa,
    0xe0, 0x11, 0xd2, 0x5d, 0x51, 0x3e, 0x3e, 0xa8,
    0x0, 0x4b, 0xfa, 0x3e, 0x50, 0x7d, 0xc0, 0xcc,
    0x2, 0xee, 0xba, 0x4, 0x3, 0x1c, 0xf4, 0x80,

    /* U+547C "呼" */
    0x0, 0xff, 0xe0, 0x18, 0x80, 0x78, 0x91, 0xa2,
    0xb3, 0xf2, 0x42, 0x7f, 0xe2, 0xbf, 0xc0, 0x5b,
    0xdf, 0x80, 0x3, 0xe8, 0x84, 0x7d, 0x40, 0x19,
    0x23, 0x80, 0x3c, 0x80, 0x2b, 0x10, 0xd, 0xdc,
    0x0, 0xf0, 0x9b, 0x80, 0x65, 0xb0, 0xf, 0xaf,
    0x0, 0x25, 0x32, 0x0, 0xf9, 0x8, 0x2, 0x29,
    0x0, 0xf0, 0xcd, 0xc, 0x87, 0xf6, 0x4a, 0x87,
    0x90, 0x7, 0xff, 0x5, 0xf4, 0x45, 0x33, 0x83,
    0xe6, 0x65, 0x8, 0xff, 0x10, 0x7, 0xfb, 0x50,
    0x3, 0xff, 0x82, 0x86, 0x1, 0x84, 0x44, 0x1,
    0xff, 0xc0, 0x2e, 0xd3, 0x50, 0xf, 0xf1, 0xff,
    0xb0, 0x40, 0x30,

    /* U+547D "命" */
    0x0, 0xf8, 0x88, 0x1, 0xff, 0xc1, 0x1f, 0xe0,
    0xf, 0xfe, 0x1, 0x7b, 0x8c, 0x80, 0x7f, 0x9f,
    0x5a, 0xb1, 0x70, 0xc0, 0x3c, 0xbb, 0x32, 0xa2,
    0x3e, 0x7c, 0xa3, 0x0, 0x27, 0x5d, 0x44, 0xee,
    0xe4, 0xc1, 0xcb, 0x4, 0xae, 0x76, 0xff, 0xf1,
    0xde, 0xc8, 0x1, 0x7f, 0xf5, 0x84, 0x7f, 0xe8,
    0x20, 0xd, 0xdc, 0x97, 0x0, 0x26, 0xe9, 0xc4,
    0x3, 0x84, 0x46, 0x1, 0x9, 0x13, 0xc0, 0x3f,
    0xf9, 0x4c, 0xcc, 0x0, 0xff, 0xe0, 0xee, 0x89,
    0x0, 0x24, 0xf8, 0x30, 0xe, 0xbb, 0xa0, 0x2,
    0x4e, 0xf8, 0x0, 0x87, 0xc0, 0x3f, 0x8, 0x6,

    /* U+56DE "回" */
    0xbf, 0xff, 0xfe, 0x4, 0x2, 0xe6, 0x7f, 0x8c,
    0x0, 0x46, 0x7f, 0xe7, 0x0, 0xe1, 0x1f, 0x0,
    0x7c, 0x5d, 0xde, 0x10, 0xf, 0xdf, 0xf7, 0x0,
    0x7f, 0xf6, 0x88, 0xb0, 0x7, 0xfb, 0x76, 0xc0,
    0xf, 0xc5, 0xff, 0xe1, 0x0, 0xff, 0xe3, 0x3f,
    0xff, 0xf9, 0x0, 0xb, 0x99, 0xfe, 0x30,

    /* U+5750 "坐" */
    0x0, 0x89, 0x40, 0x1a, 0xa0, 0x3, 0x30, 0x7,
    0x5f, 0x0, 0x7a, 0x2c, 0x3, 0x9f, 0x40, 0x38,
    0x52, 0xc0, 0x32, 0x8, 0x80, 0x3a, 0x40, 0x40,
    0x34, 0xac, 0xb8, 0x4, 0x4e, 0xb8, 0x40, 0x9,
    0x3a, 0xc9, 0x60, 0x2f, 0x6a, 0x9c, 0x25, 0x6d,
    0x2, 0xd7, 0xc, 0x79, 0x7, 0x69, 0x5d, 0x30,
    0x1, 0x88, 0x75, 0x0, 0x51, 0x60, 0x3d, 0xdc,
    0x55, 0xdd, 0xb0, 0x0, 0x7b, 0xbc, 0x2f, 0xbb,
    0xbc, 0x2, 0x33, 0xf6, 0x99, 0xf0, 0x7, 0xff,
    0x10, 0x9d, 0xfc, 0x7e, 0xef, 0xe1, 0xdd, 0xf2,
    0x6, 0xef, 0x80,

    /* U+5760 "坠" */
    0x0, 0xff, 0xe1, 0xa7, 0xfe, 0xc0, 0xb, 0x94,
    0x3, 0x87, 0xac, 0x20, 0x2, 0x13, 0x0, 0xf0,
    0xfc, 0xa0, 0x0, 0xc3, 0x0, 0x3e, 0xdb, 0x40,
    0x2, 0xa, 0x80, 0x7c, 0xd7, 0x60, 0x5, 0x49,
    0xb8, 0x7, 0x16, 0x41, 0x84, 0x9b, 0xc4, 0xc,
    0x3, 0x17, 0xe6, 0x25, 0xb4, 0x11, 0xf4, 0xc0,
    0x31, 0x9b, 0x93, 0xc, 0x1, 0xd, 0x88, 0xb0,
    0x0, 0x1d, 0xea, 0x0, 0xd1, 0xa8, 0x2c, 0x23,
    0x13, 0x30, 0x47, 0x88, 0x0, 0xbd, 0xda, 0x83,
    0xbb, 0x88, 0x0, 0xbf, 0xfa, 0xc7, 0xff, 0x88,
    0x3, 0xff, 0x89, 0x9f, 0xfd, 0x63, 0xff, 0xe7,

    /* U+5B89 "安" */
    0x0, 0xe2, 0x90, 0xf, 0xfe, 0x1, 0x3b, 0x80,
    0x3c, 0xdb, 0xbc, 0x31, 0xbb, 0xcd, 0xc3, 0x11,
    0xaa, 0x91, 0x18, 0x38, 0x1d, 0x56, 0x29, 0x55,
    0xe6, 0xb, 0xf0, 0xa, 0x6c, 0x3, 0xbe, 0xc5,
    0xcc, 0xd0, 0x28, 0x67, 0xce, 0x3f, 0x99, 0x38,
    0x66, 0x7e, 0xdf, 0xf3, 0x17, 0xfe, 0x35, 0xff,
    0x70, 0x1, 0x1b, 0x80, 0x24, 0x38, 0x0, 0xec,
    0x1d, 0x82, 0x1a, 0x72, 0x0, 0xe8, 0xea, 0x2d,
    0xe0, 0x80, 0xf, 0xca, 0x40, 0x81, 0xd0, 0x20,
    0x10, 0xad, 0x72, 0x65, 0xf4, 0xb7, 0x40, 0x2f,
    0x59, 0xe6, 0xc, 0x0, 0xfd, 0xe, 0x8b, 0xbd,
    0x26, 0x1, 0xe7, 0xf4,

    /* U+5B9A "定" */
    0x0, 0xfa, 0x88, 0x3, 0xff, 0x82, 0x30, 0x1,
    0xf6, 0x6e, 0xf2, 0xab, 0x77, 0x90, 0xa, 0xa6,
    0x75, 0x5c, 0xce, 0x21, 0x0, 0x1a, 0x27, 0xf8,
    0x40, 0xe, 0xcb, 0x11, 0xf9, 0x5d, 0x82, 0x48,
    0xc8, 0xa6, 0x61, 0x16, 0x93, 0x0, 0x9e, 0xaa,
    0x47, 0xaa, 0x9c, 0x3, 0xa2, 0xc0, 0x3f, 0xf8,
    0x2a, 0x60, 0x13, 0x7f, 0xe5, 0x0, 0x84, 0xc4,
    0x2, 0x4c, 0xcc, 0x80, 0x13, 0x8b, 0x10, 0x0,
    0x8c, 0xf0, 0x80, 0x57, 0x31, 0x84, 0x1, 0xfd,
    0x26, 0xee, 0x6d, 0x45, 0x43, 0x3e, 0x56, 0xd0,
    0x4, 0x63, 0x8d, 0x66, 0x69, 0x5e, 0x30, 0x8,
    0xe7, 0x7b, 0xff, 0x50,

    /* U+5B9E "实" */
    0x0, 0xf4, 0x98, 0x7, 0xff, 0x0, 0xfc, 0x3,
    0xcf, 0xbb, 0xc8, 0x7b, 0xbc, 0xfc, 0xd3, 0x3a,
    0xae, 0x67, 0xf, 0x0, 0xa1, 0xb2, 0x23, 0x9d,
    0x12, 0x60, 0xae, 0x0, 0x6b, 0x82, 0x80, 0x6e,
    0xa3, 0x51, 0x7c, 0x10, 0x0, 0x80, 0x48, 0x60,
    0xdc, 0xc6, 0xc4, 0x6, 0x1, 0xe7, 0xa9, 0x40,
    0x60, 0x10, 0xe, 0x11, 0x25, 0xa8, 0xe1, 0x88,
    0xfb, 0x3b, 0x97, 0xdc, 0x73, 0xee, 0xef, 0xdf,
    0xfd, 0x3, 0xd3, 0xdf, 0xf7, 0x0, 0x67, 0x8b,
    0xc, 0xea, 0x20, 0x8, 0x5b, 0x66, 0xd4, 0x6b,
    0x8f, 0x64, 0x5b, 0xae, 0xb9, 0x0, 0x21, 0x9d,
    0x2b, 0x6e, 0xd7, 0x0, 0xf8, 0xae, 0x80,

    /* U+5BB9 "容" */
    0x0, 0xf9, 0xc4, 0x3, 0xff, 0x83, 0x52, 0x1,
    0xf6, 0xff, 0xf1, 0x3f, 0xff, 0x20, 0x1c, 0xee,
    0xff, 0x84, 0x40, 0x64, 0x45, 0xc2, 0x29, 0x78,
    0x8, 0xc4, 0x35, 0x22, 0x74, 0x15, 0x1e, 0xf1,
    0x75, 0x0, 0xf1, 0x70, 0xcd, 0x50, 0xf, 0x57,
    0x0, 0x7, 0x4d, 0x24, 0xc9, 0x7b, 0x14, 0xdf,
    0x0, 0x24, 0x3, 0xdc, 0xb5, 0x8e, 0x19, 0x9c,
    0x2, 0x3c, 0x9a, 0x71, 0x15, 0xae, 0x51, 0x1,
    0xde, 0x10, 0xd7, 0x76, 0x70, 0x7d, 0x92, 0x26,
    0xa3, 0xff, 0xf8, 0x27, 0x28, 0x64, 0x80, 0x3f,
    0xc6, 0x60, 0xc, 0x23, 0xf0, 0x7, 0xe6, 0xee,
    0xf0, 0x7, 0xd5, 0xff, 0xf9, 0x0, 0x0,

    /* U+5C04 "射" */
    0x0, 0xff, 0xe3, 0x8f, 0x90, 0x7, 0xb5, 0x0,
    0x21, 0xdf, 0xf, 0xe4, 0x0, 0xff, 0x17, 0xf6,
    0x18, 0x7, 0xff, 0x0, 0xce, 0x3, 0xaa, 0xc5,
    0x14, 0x1, 0xbb, 0xa2, 0x0, 0xf3, 0x80, 0x76,
    0x64, 0x47, 0x55, 0x8b, 0xe8, 0x3, 0x77, 0x44,
    0xf, 0x0, 0x1f, 0xdd, 0xd1, 0x3, 0x30, 0xc0,
    0x38, 0xfc, 0x3b, 0xa2, 0x1, 0x98, 0x0, 0xe3,
    0xdc, 0xd4, 0x31, 0x0, 0x33, 0x80, 0x78, 0xcd,
    0x6f, 0x86, 0x0, 0x1c, 0x0, 0xf1, 0x5a, 0x60,
    0x80, 0x7f, 0x8f, 0x4f, 0x4, 0x3, 0x88, 0x40,
    0x31, 0xf4, 0x6, 0x79, 0xa8, 0xe, 0xf0, 0xa8,
    0x4, 0x20, 0xc, 0xfe, 0x10, 0x1f, 0xf6, 0x8,
    0x0,

    /* U+5C06 "将" */
    0x0, 0xff, 0xe3, 0x9f, 0x0, 0x67, 0xd1, 0x1,
    0x0, 0xfe, 0x1a, 0x82, 0xef, 0xeb, 0x0, 0x6a,
    0x80, 0x4f, 0xe1, 0xdf, 0xeb, 0x8, 0x0, 0x75,
    0x58, 0x5, 0x85, 0xa2, 0xf7, 0x46, 0x0, 0x3a,
    0x20, 0x3, 0x94, 0x7, 0x56, 0x28, 0x6, 0x59,
    0x0, 0x2c, 0xf0, 0xce, 0xf9, 0x80, 0x7e, 0xfe,
    0xdd, 0x30, 0x13, 0x80, 0x61, 0xf0, 0x57, 0xae,
    0xdd, 0x86, 0xb4, 0x80, 0xb0, 0x0, 0x93, 0x13,
    0x38, 0x26, 0x44, 0x3a, 0xbe, 0x2, 0xb6, 0x48,
    0x90, 0x9a, 0x0, 0xd4, 0x0, 0x43, 0xb2, 0x60,
    0x1f, 0x28, 0x7, 0x1b, 0xd0, 0x7, 0xff, 0xa,
    0x24, 0x46, 0x0, 0xff, 0xe0, 0x17, 0x70, 0x94,
    0x3, 0x8f, 0x80, 0x31, 0x7f, 0xb4, 0x40, 0x0,

    /* U+5E38 "常" */
    0x1, 0xb2, 0x0, 0x72, 0x0, 0x1a, 0x80, 0x21,
    0x39, 0x0, 0xe1, 0xb9, 0x0, 0x67, 0xba, 0x7f,
    0x86, 0xff, 0x8b, 0x3d, 0x6, 0x7b, 0xbf, 0xc2,
    0x0, 0x32, 0xff, 0xfc, 0x20, 0xb, 0x70, 0x7,
    0x77, 0x60, 0x8a, 0x19, 0x84, 0x2, 0x89, 0xe0,
    0x3, 0x10, 0x0, 0x57, 0xb9, 0x71, 0xd8, 0xa2,
    0x1, 0x8a, 0xaa, 0x2b, 0xaa, 0x84, 0x2, 0xcf,
    0xfc, 0x51, 0xff, 0x76, 0x0, 0x4f, 0xff, 0x14,
    0x7f, 0xc8, 0x1, 0xfc, 0x20, 0x1f, 0xfc, 0x34,
    0x37, 0x0, 0x97, 0x80, 0x3d, 0xdc, 0x9, 0x0,

    /* U+5E72 "干" */
    0x2, 0x44, 0xff, 0xe0, 0x8, 0x2d, 0x57, 0x5d,
    0xaa, 0xb8, 0x81, 0xfb, 0xb8, 0x67, 0xbb, 0x8c,
    0x3, 0xff, 0xc2, 0xbf, 0xfe, 0x19, 0xff, 0xee,
    0x4b, 0xbf, 0x3, 0x5d, 0xf5, 0xa, 0x27, 0x87,
    0xd1, 0x3c, 0x1, 0xff, 0xff,

    /* U+5EA6 "度" */
    0x0, 0xf8, 0xd8, 0x3, 0xff, 0x84, 0x32, 0x40,
    0x1f, 0x17, 0xff, 0x68, 0x6f, 0xff, 0x0, 0x6b,
    0xcc, 0x3e, 0x66, 0x8b, 0xcc, 0x0, 0x65, 0x33,
    0x38, 0x99, 0xd0, 0x6, 0x60, 0xd, 0x1f, 0xe0,
    0xdf, 0xf8, 0x2f, 0xf0, 0x3, 0x47, 0xf8, 0x33,
    0xfe, 0xb, 0xfc, 0x0, 0xc2, 0x1, 0x8, 0x7,
    0xff, 0xf, 0x7f, 0xe0, 0x70, 0xc, 0x20, 0x1b,
    0xff, 0xc4, 0x1, 0x98, 0x89, 0xff, 0xfb, 0x9c,
    0x2, 0x26, 0x2f, 0x92, 0xef, 0xf9, 0x89, 0xc0,
    0x2c, 0x30, 0x3, 0x57, 0xb2, 0x62, 0xe0, 0x6,
    0x4c, 0x0, 0x91, 0x66, 0xc7, 0xc4, 0x2, 0x51,
    0x4a, 0xdf, 0xe2, 0xbb, 0x26, 0xfe, 0x50, 0x2e,
    0x84, 0xf7, 0xec, 0xa2, 0x27, 0xb6, 0x78, 0x0,

    /* U+5F0F "式" */
    0x0, 0xfc, 0x5e, 0x31, 0x20, 0x1f, 0xfc, 0x28,
    0x2c, 0x10, 0x13, 0x3f, 0x9c, 0x10, 0xe1, 0x48,
    0x13, 0x33, 0xea, 0xa, 0xcc, 0x36, 0x82, 0xff,
    0xfe, 0xb, 0xff, 0xb8, 0x0, 0x23, 0xf0, 0x11,
    0x0, 0x3d, 0xbd, 0xde, 0x46, 0xe0, 0xf, 0x67,
    0xf8, 0x6b, 0xfc, 0x84, 0x60, 0x1f, 0xe1, 0x0,
    0xbd, 0x40, 0x3f, 0xf8, 0x48, 0x24, 0x1, 0xff,
    0x9, 0x91, 0x14, 0x1, 0x84, 0x1, 0x18, 0xc6,
    0xf4, 0x85, 0x48, 0x0, 0xc0, 0x77, 0xf1, 0x11,
    0x3d, 0x40, 0xe1, 0x6c, 0x4, 0x37, 0xbf, 0x70,
    0x82, 0x1, 0x63, 0xcc, 0x0,

    /* U+5F53 "当" */
    0x3, 0x0, 0xdc, 0xc0, 0x11, 0x98, 0x79, 0xc0,
    0x3f, 0x75, 0x8f, 0x41, 0x0, 0x79, 0x8e, 0x0,
    0xd6, 0x40, 0x38, 0x62, 0xc0, 0x28, 0x90, 0xf,
    0x42, 0x80, 0x33, 0xb9, 0x98, 0x18, 0xcd, 0xac,
    0x80, 0xaa, 0xe9, 0x8a, 0xa8, 0xc, 0x19, 0xbf,
    0xca, 0x0, 0x13, 0x3f, 0xf0, 0x2, 0x73, 0x3f,
    0x94, 0x1, 0x1f, 0xff, 0xcc, 0x1, 0xff, 0xc2,
    0x5d, 0xdf, 0xf3, 0x83, 0xdd, 0xff, 0x94, 0x0,

    /* U+5F55 "录" */
    0x0, 0xff, 0xe2, 0x8f, 0xff, 0xfb, 0x80, 0x30,
    0xf7, 0x7f, 0x40, 0x7, 0x84, 0x7f, 0xc6, 0x1,
    0xd3, 0xff, 0xfa, 0x44, 0x3, 0xa3, 0x77, 0xf3,
    0x38, 0x6, 0x67, 0x44, 0xfc, 0xae, 0xca, 0x3,
    0xbb, 0xe9, 0xbd, 0xd3, 0xbb, 0x70, 0x6, 0xcb,
    0x6e, 0xe2, 0x4b, 0xb8, 0x3a, 0x40, 0x2a, 0xbc,
    0x20, 0x3, 0x19, 0x68, 0x20, 0x6, 0x3d, 0x56,
    0x43, 0x4d, 0xcb, 0xb0, 0x80, 0x70, 0xf4, 0xc8,
    0x76, 0x40, 0x80, 0x39, 0x6f, 0xb2, 0x74, 0x81,
    0xe2, 0xe8, 0x80, 0x2f, 0x3e, 0xb4, 0x0, 0x18,
    0x36, 0x86, 0xd0, 0x2, 0xa0, 0x45, 0xfe, 0x37,
    0x0, 0x15, 0x75, 0x80, 0x70, 0xff, 0xb8, 0x80,
    0x30, 0x88, 0x0,

    /* U+5F85 "待" */
    0x0, 0xff, 0xe3, 0xae, 0x80, 0x64, 0xe0, 0xf,
    0x92, 0xa0, 0x4, 0x88, 0x22, 0x22, 0x84, 0x0,
    0xf7, 0x4a, 0x1b, 0xb5, 0x6, 0xed, 0x0, 0x37,
    0x8b, 0x5, 0x9f, 0xeb, 0x1f, 0xfa, 0x40, 0x70,
    0xd9, 0x80, 0x45, 0x84, 0x8b, 0x8, 0x0, 0xe6,
    0xa3, 0xfe, 0xb2, 0xfd, 0xcf, 0x40, 0x3c, 0x5,
    0xad, 0xdf, 0x6, 0x6a, 0xa6, 0x30, 0x0, 0x48,
    0xb8, 0xc1, 0x88, 0x16, 0x24, 0x1, 0x3b, 0xbd,
    0x81, 0x7a, 0x82, 0xe0, 0x14, 0x74, 0x7f, 0xe0,
    0xdf, 0x40, 0xf, 0xe, 0x50, 0x7, 0xff, 0xa,
    0x91, 0x40, 0x3f, 0xf8, 0x23, 0x88, 0x24, 0x1,
    0xff, 0xc0, 0x22, 0x76, 0x99, 0x0, 0x77, 0x88,
    0x6, 0x3f, 0xf6, 0x0, 0x40,

    /* U+5FD7 "志" */
    0x0, 0xfb, 0x94, 0x3, 0xe2, 0x2f, 0x9, 0x91,
    0x79, 0xb7, 0x7c, 0x13, 0xbb, 0xd8, 0xdf, 0xfe,
    0x1a, 0xff, 0xee, 0x0, 0xff, 0xe9, 0xaf, 0xff,
    0xd, 0x7f, 0xee, 0x0, 0x2f, 0x76, 0x8c, 0xee,
    0xef, 0x0, 0x84, 0x77, 0xeb, 0x88, 0xf0, 0x5,
    0x63, 0xc9, 0x1b, 0x74, 0x5, 0xa2, 0x0, 0x45,
    0x10, 0x8, 0xf0, 0x80, 0x9a, 0x0, 0x1e, 0xe0,
    0x1c, 0x30, 0x19, 0xec, 0x46, 0x96, 0x0, 0x21,
    0x1c, 0x86, 0x88, 0x83, 0xc2, 0x6, 0x9e, 0xed,
    0x6e, 0x13, 0x0,

    /* U+6025 "急" */
    0x0, 0xe3, 0x0, 0xff, 0xe1, 0x3e, 0x88, 0x7,
    0xff, 0x1, 0x60, 0x7b, 0xff, 0x8, 0x7, 0x9e,
    0xa9, 0xff, 0x71, 0x38, 0x80, 0x61, 0xc8, 0xb,
    0xee, 0xc4, 0xdd, 0xc2, 0x0, 0xd, 0x6f, 0x7f,
    0xee, 0xe7, 0xf8, 0x44, 0x1, 0x31, 0x19, 0xff,
    0x0, 0x78, 0x7f, 0xff, 0x80, 0x3c, 0x3b, 0xbf,
    0xc0, 0x1e, 0x9f, 0xff, 0xe0, 0x10, 0xd, 0x3f,
    0xf6, 0xa7, 0x7f, 0xe3, 0x0, 0xd6, 0x3a, 0x84,
    0x4c, 0x10, 0x3, 0x78, 0x80, 0x1d, 0x84, 0xc0,
    0x12, 0xd6, 0xe, 0x85, 0x20, 0x33, 0x0, 0x2,
    0x11, 0x4d, 0x94, 0xb4, 0x38, 0x84, 0xa8, 0x34,
    0xf7, 0x37, 0xb4, 0x91, 0x16, 0x20,

    /* U+606F "息" */
    0x0, 0xf9, 0x54, 0x1, 0xff, 0xc2, 0xb3, 0x0,
    0xff, 0x77, 0xfc, 0x33, 0xff, 0x70, 0x7, 0xd9,
    0xff, 0xeb, 0x0, 0xfd, 0x9d, 0xde, 0xb0, 0xf,
    0xd9, 0xdd, 0xeb, 0x0, 0xfd, 0xf7, 0x7e, 0x80,
    0xf, 0xd3, 0x11, 0xea, 0x0, 0xfc, 0x24, 0x5e,
    0x30, 0xf, 0x8a, 0xbf, 0xfd, 0x64, 0x1, 0xec,
    0xfe, 0xe1, 0xc7, 0x75, 0x84, 0x1, 0xb8, 0xf1,
    0x83, 0xe5, 0x40, 0xd, 0x82, 0x0, 0x63, 0x30,
    0x4, 0x56, 0x0, 0x85, 0x28, 0x1, 0x8b, 0x0,
    0x70, 0x89, 0x50, 0x98, 0x21, 0xc0, 0x6d, 0x82,
    0x9b, 0xbb, 0x6a, 0x9a, 0x70, 0x0,

    /* U+6076 "恶" */
    0x5, 0xff, 0xff, 0xe0, 0x28, 0x3c, 0xcc, 0xa3,
    0x30, 0x13, 0x39, 0xc0, 0x94, 0x9b, 0xc9, 0x94,
    0x19, 0x82, 0xa4, 0x0, 0x7a, 0x0, 0xf8, 0xa0,
    0x40, 0x24, 0x26, 0x0, 0xf4, 0x31, 0x0, 0x69,
    0x20, 0xe, 0x13, 0x80, 0x9, 0x54, 0x3, 0x84,
    0xaa, 0x7, 0xc4, 0x55, 0x7, 0x76, 0x25, 0x9c,
    0x4d, 0xee, 0xbc, 0x2e, 0xfb, 0x42, 0xef, 0x55,
    0xd0, 0x2, 0xe, 0xcd, 0x9e, 0xc0, 0x2f, 0x40,
    0x9, 0xc5, 0x5c, 0x29, 0x5c, 0x1, 0x12, 0x0,
    0x52, 0x20, 0x4, 0x3a, 0xa1, 0x48, 0x68, 0x13,
    0x40, 0x2, 0x11, 0x11, 0x99, 0x4d, 0xfc, 0x11,
    0x81, 0xa7, 0xbb, 0x62, 0x8d, 0xc8,

    /* U+610F "意" */
    0x0, 0xf8, 0xc8, 0x3, 0xff, 0x83, 0x3c, 0x1,
    0xf0, 0xf7, 0x5f, 0xc8, 0x5d, 0xfd, 0xd0, 0x80,
    0xf7, 0x25, 0x3b, 0xb2, 0xbf, 0x70, 0x41, 0xe6,
    0x5a, 0x93, 0x39, 0x4e, 0x65, 0x0, 0x79, 0x8f,
    0xac, 0xcd, 0x5f, 0x98, 0xd0, 0x45, 0x88, 0xfe,
    0xb5, 0x50, 0x4, 0x5f, 0xbb, 0xef, 0x11, 0x0,
    0x77, 0xe6, 0x7b, 0xc0, 0x3e, 0xfc, 0xcf, 0x78,
    0x7, 0x8f, 0xf7, 0x5f, 0xbb, 0x79, 0x8, 0x4,
    0x51, 0x91, 0xe4, 0x9b, 0xb5, 0x8, 0x5, 0x1a,
    0x54, 0x5a, 0xe, 0x64, 0x18, 0x0, 0x64, 0x80,
    0xd, 0x2f, 0x54, 0x77, 0x50, 0x3, 0x44, 0x89,
    0xff, 0x9e, 0xc2, 0xe0,

    /* U+611F "感" */
    0x0, 0xff, 0xe6, 0xf, 0x8b, 0x5a, 0x0, 0x6f,
    0xff, 0x70, 0x74, 0xa5, 0xf9, 0x0, 0x87, 0x7f,
    0xf0, 0xd7, 0xfb, 0xbc, 0x80, 0x24, 0xdd, 0xcc,
    0x44, 0x2, 0xe0, 0xe, 0x5c, 0xcc, 0xc9, 0xa1,
    0xc, 0x1, 0x18, 0xf, 0xe6, 0x3c, 0xf1, 0x51,
    0x60, 0x2, 0x62, 0x30, 0xdd, 0x10, 0x20, 0xdc,
    0x89, 0x0, 0x31, 0x0, 0x6, 0x60, 0x1, 0x0,
    0xb0, 0x72, 0x3, 0x69, 0xac, 0x41, 0xd3, 0x18,
    0xb1, 0x4d, 0x49, 0x50, 0x6e, 0xd3, 0xe9, 0x71,
    0x8b, 0xe, 0x25, 0x6a, 0x18, 0x61, 0x4c, 0xa0,
    0xe, 0x88, 0x0, 0xe, 0x84, 0x9c, 0xb2, 0xcc,
    0x20, 0xa8, 0x80, 0x1d, 0x2, 0x2, 0x5, 0xc6,
    0x4e, 0x8d, 0xc0, 0x34, 0xe0, 0xf5, 0xff, 0xb5,
    0x86, 0x34, 0x0,

    /* U+6210 "成" */
    0x0, 0xfc, 0x3e, 0x55, 0x42, 0x0, 0xff, 0xe0,
    0xd7, 0xf8, 0xc0, 0x2b, 0xff, 0xee, 0xd, 0xfa,
    0x2c, 0x50, 0x3, 0xb6, 0x67, 0x4, 0xe6, 0x64,
    0x0, 0xb8, 0xcf, 0x84, 0xce, 0x23, 0x10, 0xb,
    0x8c, 0xe2, 0x2, 0x20, 0x3, 0x8c, 0x3, 0x36,
    0xeb, 0x28, 0x1b, 0x81, 0x84, 0xc0, 0x34, 0x77,
    0x14, 0x1, 0xaa, 0x11, 0x0, 0xc, 0x22, 0x0,
    0xe3, 0x34, 0x1b, 0x0, 0x62, 0x20, 0x0, 0x7c,
    0x10, 0x1e, 0x40, 0x30, 0x83, 0x11, 0x14, 0x80,
    0x80, 0xd0, 0x18, 0xc1, 0x4, 0xbf, 0x4d, 0xf,
    0xc, 0xc4, 0x18, 0xa1, 0xce, 0x1b, 0xfb, 0x38,
    0xd8, 0x9e, 0x88, 0x51, 0x6b, 0x0, 0x89, 0x6a,
    0x2, 0xde, 0xd4, 0xc7, 0x48, 0x2, 0x2d, 0x50,
    0xa, 0xbe, 0xc0,

    /* U+6237 "户" */
    0x0, 0xf9, 0x8, 0x3, 0xff, 0x81, 0xd2, 0x1,
    0xff, 0xc0, 0xe4, 0x0, 0xf9, 0x3f, 0xf5, 0x87,
    0xfe, 0x70, 0xd, 0xbb, 0xf8, 0xfc, 0x3, 0x11,
    0x7e, 0x70, 0xf, 0xfe, 0x28, 0x86, 0xef, 0xe4,
    0x0, 0x8c, 0x66, 0x7f, 0x18, 0x4, 0x24, 0x89,
    0xfb, 0xe8, 0x1, 0xaa, 0x1, 0xf8, 0xc8, 0x0,
    0x98, 0x1, 0xff, 0x20, 0xa0, 0x7, 0xfd, 0xa,
    0x20, 0x1f, 0xe2, 0x1b, 0x0, 0xff, 0x8b, 0x44,
    0x3, 0xfe,

    /* U+6270 "扰" */
    0x0, 0x84, 0x3, 0xff, 0x84, 0x5c, 0x1, 0x87,
    0xc4, 0xdc, 0x3, 0xff, 0x84, 0x79, 0x40, 0x1,
    0x54, 0x5, 0x40, 0x1, 0x80, 0x56, 0x62, 0x5,
    0xda, 0x1d, 0xc9, 0xdc, 0xc, 0xdd, 0x26, 0x11,
    0xdc, 0x85, 0xd5, 0x26, 0x41, 0x33, 0xc4, 0x1,
    0xe3, 0x42, 0x22, 0x27, 0x0, 0x78, 0xc4, 0x9,
    0xa9, 0xc0, 0x38, 0x54, 0x3b, 0x4c, 0x34, 0xc0,
    0x3c, 0xbd, 0x21, 0x5c, 0x40, 0x98, 0x1, 0xe5,
    0xdc, 0x4, 0x0, 0x18, 0xa0, 0x7, 0xc4, 0x1,
    0xd0, 0xc0, 0x1c, 0x80, 0x1f, 0x22, 0x2c, 0x3,
    0xa1, 0x0, 0x44, 0x0, 0x3b, 0x92, 0x0, 0x70,
    0x91, 0x18, 0x33, 0x8, 0x16, 0xec, 0x0, 0xc6,
    0xed, 0x22, 0x0,

    /* U+62A5 "报" */
    0x0, 0xbc, 0xc0, 0xff, 0xfe, 0x50, 0xf, 0xee,
    0xee, 0x1, 0x0, 0x8, 0x81, 0xc4, 0x0, 0x23,
    0xc0, 0xe0, 0x9d, 0xc0, 0xbe, 0x70, 0x0, 0x99,
    0x28, 0x10, 0x26, 0xe8, 0x2b, 0x5c, 0x2, 0xfe,
    0x98, 0x10, 0x1, 0x10, 0x18, 0x80, 0x6, 0x5f,
    0xf2, 0x8, 0x7, 0x84, 0x1, 0x98, 0xdd, 0xb2,
    0x80, 0x2, 0xa1, 0xbc, 0xc1, 0x65, 0xdd, 0x16,
    0x82, 0xf4, 0x4, 0xfb, 0x2, 0x3, 0x1, 0x93,
    0x82, 0xf6, 0x82, 0x0, 0x69, 0x91, 0x7b, 0x88,
    0x0, 0x40, 0x3e, 0x46, 0xd1, 0x80, 0xf, 0xfe,
    0x7, 0x0, 0x4, 0x2, 0x12, 0x0, 0xe1, 0xa9,
    0xb7, 0xe6, 0x1, 0xed, 0x32, 0x0, 0xa0, 0x7d,
    0x2a, 0x68, 0x45, 0xfe, 0xc1, 0x3, 0xf9, 0xb1,
    0x0, 0x36, 0x8,

    /* U+62D4 "拔" */
    0x0, 0xbc, 0xc0, 0x2c, 0x50, 0x97, 0x0, 0xff,
    0x84, 0x1, 0x1d, 0xc3, 0x0, 0x11, 0x1, 0x89,
    0x54, 0x7a, 0xa9, 0x8e, 0x82, 0x9b, 0xa0, 0xaf,
    0x99, 0xa, 0xcc, 0xcb, 0x6a, 0x9f, 0xe0, 0xcd,
    0xcc, 0xf, 0x66, 0x72, 0x0, 0x7e, 0x17, 0x22,
    0xc0, 0x1f, 0x8, 0x10, 0x5e, 0xee, 0x30, 0x9,
    0x3, 0x7c, 0x5c, 0x2f, 0xfd, 0x82, 0x60, 0x9f,
    0x41, 0x1c, 0x3a, 0x30, 0x0, 0xa7, 0x0, 0x26,
    0x70, 0x28, 0x1, 0x60, 0x5c, 0x9a, 0xc0, 0x23,
    0x0, 0xc8, 0x4d, 0xf1, 0xec, 0x40, 0x1f, 0xa5,
    0xc0, 0x8c, 0xb8, 0x3, 0x8, 0x80, 0x14, 0x10,
    0xbc, 0xf7, 0x38, 0x80, 0x8, 0xe3, 0x10, 0xf2,
    0x8b, 0xb2, 0x7a, 0x49, 0x4, 0xfe, 0x15, 0x11,
    0x35, 0x40, 0x3, 0x1a, 0x40,

    /* U+6301 "持" */
    0x0, 0xff, 0xe3, 0x1f, 0x0, 0x7b, 0x8c, 0x3,
    0xfc, 0x26, 0x70, 0xa9, 0x98, 0x80, 0x4, 0xc2,
    0x42, 0xbf, 0xf0, 0x5f, 0xfa, 0x81, 0x36, 0x83,
    0x61, 0x33, 0x21, 0xec, 0xc4, 0x2, 0x7e, 0xf,
    0xc9, 0x9e, 0x15, 0x33, 0x84, 0x3, 0x87, 0xbb,
    0x15, 0xe6, 0xf2, 0x80, 0x61, 0x3d, 0xdf, 0x15,
    0xea, 0x0, 0xd8, 0xf5, 0x91, 0x78, 0x8, 0x80,
    0xbc, 0xc1, 0x93, 0xbb, 0xe2, 0x8d, 0x44, 0x6e,
    0x84, 0xc3, 0xee, 0xdf, 0xf1, 0x57, 0xa0, 0x90,
    0x7, 0xac, 0x80, 0x3f, 0xf8, 0x28, 0xfc, 0x1,
    0xf0, 0xb0, 0x7, 0x47, 0x11, 0x0, 0x3a, 0xa8,
    0xe0, 0x1c, 0x5f, 0xa0, 0xe0, 0x15, 0xfc, 0x80,
    0x7b, 0x7f, 0x48, 0x0,

    /* U+6307 "指" */
    0x0, 0x84, 0x3, 0xff, 0x84, 0x3c, 0x20, 0xf,
    0x30, 0xc, 0x20, 0x1f, 0xfc, 0x4, 0x8d, 0xc0,
    0xf, 0x18, 0x5, 0xbd, 0xfe, 0xed, 0x0, 0x27,
    0xf0, 0x6f, 0x80, 0x2b, 0xad, 0xcc, 0x2c, 0x93,
    0xf8, 0x37, 0xc0, 0x48, 0xb8, 0xd0, 0x3, 0x8c,
    0x0, 0xd1, 0xbb, 0xcc, 0x40, 0x18, 0x98, 0x63,
    0xbf, 0xf7, 0x48, 0x1, 0x20, 0x33, 0x1, 0xdf,
    0xfe, 0x90, 0x5b, 0x30, 0xda, 0x11, 0x5f, 0x76,
    0x50, 0x2, 0xfd, 0x81, 0x80, 0x4e, 0x23, 0x8c,
    0x3, 0xfd, 0x9f, 0xf9, 0x80, 0x3f, 0xd9, 0xff,
    0x98, 0x3, 0xfc, 0xa8, 0x98, 0x80, 0x2c, 0xe2,
    0x10, 0xa, 0xa2, 0x32, 0x80, 0x59, 0xfa, 0x1,
    0x7e, 0x67, 0x74, 0x80,

    /* U+6309 "按" */
    0x0, 0xff, 0xe3, 0x17, 0x80, 0x71, 0xf8, 0x80,
    0x7f, 0x88, 0xcc, 0x0, 0x93, 0x38, 0x40, 0x9c,
    0x8, 0x9f, 0xdf, 0xe3, 0x4f, 0xf6, 0x22, 0xed,
    0x6, 0xc0, 0x46, 0x4c, 0xb3, 0x22, 0x5, 0xfd,
    0xf, 0xa7, 0x60, 0xb3, 0x0, 0x91, 0x80, 0x3d,
    0x2, 0xc2, 0xa4, 0x55, 0x90, 0x7, 0xe, 0xea,
    0x43, 0x37, 0x74, 0x80, 0x4, 0x2b, 0x3f, 0x3,
    0x7f, 0xca, 0xaf, 0x84, 0xcc, 0x6, 0xf8, 0x4a,
    0x90, 0x1, 0x3c, 0x0, 0xd5, 0x60, 0xe4, 0x2e,
    0xb0, 0xc, 0xa, 0x0, 0x26, 0x60, 0x4, 0x3b,
    0x89, 0xd3, 0x60, 0x1f, 0xf1, 0xd0, 0x8a, 0xc,
    0x2, 0x16, 0x0, 0x89, 0xf6, 0xed, 0xcb, 0x92,
    0x0, 0xcb, 0x50, 0x7, 0xec, 0x6a, 0x4, 0x62,
    0x90, 0x6f, 0xd0, 0x3, 0x69, 0x40, 0x31, 0xe1,
    0x0,

    /* U+63D0 "提" */
    0x0, 0x1f, 0x0, 0xb, 0xfb, 0xbb, 0xcc, 0x3,
    0xf0, 0xf7, 0x70, 0x80, 0x5, 0x50, 0x54, 0xc0,
    0x77, 0x78, 0x40, 0x7, 0xd6, 0x1d, 0x60, 0x3b,
    0xbc, 0x20, 0x2, 0xbf, 0x1b, 0x80, 0x1d, 0xde,
    0x10, 0xf, 0xc5, 0xd9, 0x9d, 0xc6, 0x1, 0xc2,
    0x71, 0x33, 0xf4, 0x8, 0x25, 0xf, 0x58, 0x4,
    0x2e, 0x1, 0xc7, 0x44, 0x1f, 0x10, 0x49, 0xb0,
    0x88, 0xc2, 0x7d, 0x2, 0x0, 0x23, 0x10, 0x6,
    0xec, 0x80, 0x1f, 0x20, 0x10, 0x3, 0xfe, 0x40,
    0xf, 0xad, 0x78, 0x0, 0x45, 0x0, 0x42, 0xe0,
    0x7, 0xa, 0x5f, 0x2, 0x11, 0x80, 0x1b, 0x6e,
    0x35, 0xe1, 0x36, 0x79, 0xdd, 0x30, 0x67, 0xc8,
    0xe9, 0x0, 0x1b, 0x3b, 0xfe, 0x60,

    /* U+6458 "摘" */
    0x0, 0xff, 0xe3, 0x1f, 0x0, 0x73, 0xe0, 0x7,
    0xf8, 0x7f, 0xe8, 0x3f, 0xfc, 0xe0, 0x4c, 0x24,
    0x1f, 0x2b, 0xff, 0x6, 0xfb, 0x8e, 0x50, 0x63,
    0x8a, 0xa0, 0x89, 0xcc, 0x4, 0x7, 0xb0, 0x79,
    0xb3, 0x43, 0xb9, 0x25, 0xb4, 0x1, 0xfb, 0xfb,
    0x4f, 0xb9, 0x0, 0x1c, 0x28, 0x60, 0xfb, 0x87,
    0xba, 0x0, 0xcb, 0x1, 0x6c, 0xf, 0xba, 0x3d,
    0xd0, 0x4, 0x76, 0x0, 0xf5, 0x0, 0x35, 0x93,
    0x98, 0x4, 0x7d, 0x2, 0x1, 0xa3, 0xa3, 0x50,
    0x3, 0xff, 0x80, 0xcc, 0xd0, 0xf, 0xfe, 0xe,
    0xea, 0x40, 0x38, 0x98, 0x3, 0x9f, 0x75, 0xce,
    0x2, 0x0, 0xea, 0x70, 0xd, 0x20, 0x17, 0xce,
    0x0, 0x33, 0xe4, 0x1, 0xa2, 0x1, 0xbf, 0x98,
    0x0,

    /* U+653F "政" */
    0x0, 0xff, 0x28, 0x80, 0x72, 0x27, 0xc4, 0x14,
    0xa0, 0x1d, 0x13, 0x2a, 0xb9, 0x93, 0xa0, 0x20,
    0x7, 0x66, 0xe9, 0x97, 0x74, 0xba, 0x2e, 0xf9,
    0x40, 0x3f, 0x9c, 0xb3, 0x13, 0x2c, 0x3, 0x80,
    0xe, 0x51, 0x9b, 0xb2, 0xb4, 0x83, 0xa8, 0x1,
    0xe5, 0xe0, 0x34, 0x0, 0xba, 0x1, 0xfa, 0xce,
    0x54, 0x8, 0x50, 0x3, 0xcf, 0x39, 0x86, 0x22,
    0x29, 0x88, 0x7, 0xf1, 0x2, 0xdd, 0x50, 0x3,
    0xff, 0x81, 0x2c, 0x6c, 0x1, 0xe1, 0x69, 0xd7,
    0x1, 0x5, 0x0, 0x87, 0x4b, 0x98, 0x42, 0x18,
    0xbd, 0x10, 0xe0, 0x1, 0x57, 0xae, 0xd9, 0x54,
    0xc6, 0xba, 0x88, 0x0, 0x32, 0x10, 0x40, 0xd,
    0x4d, 0x60, 0xb6, 0xd4, 0x1, 0xf3, 0x6c, 0x0,
    0x49, 0xf6,

    /* U+6545 "故" */
    0x0, 0xff, 0xe3, 0xa7, 0x0, 0x6a, 0x80, 0xf,
    0xfe, 0x12, 0x70, 0x7, 0x88, 0xa1, 0x22, 0xc2,
    0x8, 0x98, 0x4f, 0x75, 0x21, 0xba, 0xea, 0xb,
    0x99, 0x5c, 0xa9, 0xff, 0xac, 0x7f, 0xd8, 0xc9,
    0xba, 0xf0, 0xd4, 0x0, 0xf9, 0xc5, 0x0, 0x8,
    0x40, 0x1f, 0x8a, 0x20, 0x28, 0x18, 0xa0, 0x15,
    0x7d, 0x8f, 0xed, 0x3b, 0xb8, 0x16, 0xc0, 0x33,
    0xf7, 0x34, 0x10, 0x29, 0x60, 0x8c, 0x3, 0x78,
    0x88, 0xc0, 0x23, 0x47, 0x90, 0xf, 0xfe, 0xb,
    0x80, 0x7d, 0x3b, 0xac, 0x0, 0x16, 0x3, 0xd1,
    0x80, 0x67, 0x99, 0xaa, 0x75, 0xb2, 0x1f, 0x1c,
    0x1, 0x36, 0x89, 0x2, 0xd5, 0x0, 0x13, 0x2a,
    0x20, 0x32, 0x0, 0x97, 0x54, 0x3, 0x36, 0x90,

    /* U+654F "敏" */
    0x0, 0x22, 0x80, 0x7a, 0x8, 0x3, 0xdf, 0xa0,
    0x1e, 0x70, 0xf, 0xa, 0x36, 0xee, 0x83, 0x12,
    0x0, 0xe7, 0x2d, 0xee, 0xd4, 0x81, 0x11, 0x88,
    0x22, 0x88, 0xb1, 0x95, 0x1a, 0x21, 0xd4, 0x50,
    0xa3, 0xbb, 0x59, 0x95, 0x66, 0xa, 0x4d, 0x34,
    0x39, 0x3e, 0x6, 0x7, 0x0, 0x4, 0xa0, 0x3,
    0x11, 0x6b, 0x0, 0x7, 0x50, 0x10, 0x84, 0x17,
    0x47, 0xe6, 0x50, 0xac, 0x64, 0x9a, 0xa0, 0x5,
    0x93, 0xb9, 0xe6, 0x66, 0x2, 0xfb, 0xd8, 0x6,
    0x64, 0xb0, 0x7, 0x0, 0x25, 0x8, 0xc0, 0x2e,
    0x30, 0xa7, 0x20, 0x8, 0xc1, 0xc0, 0x31, 0x37,
    0xc4, 0xa4, 0x58, 0xfb, 0x2b, 0x80, 0x55, 0xff,
    0x70, 0x6c, 0x7b, 0xcd, 0x44, 0x0, 0x3b, 0xf9,
    0x4b, 0xe6, 0x81, 0x2d, 0x88, 0x3, 0x7f, 0xa8,
    0x31, 0xc0, 0x24, 0xe2,

    /* U+6551 "救" */
    0x0, 0xdc, 0x94, 0x40, 0xe, 0x10, 0xf, 0xf7,
    0x60, 0x98, 0x88, 0x3, 0x13, 0xbc, 0x3a, 0x6e,
    0x48, 0x64, 0x58, 0x7, 0xba, 0x2, 0xe0, 0x7c,
    0x3d, 0xdc, 0x27, 0x73, 0x21, 0xf8, 0xe5, 0x4b,
    0xfe, 0xf, 0x10, 0xba, 0x0, 0xab, 0x58, 0x8,
    0x14, 0xc0, 0x29, 0x76, 0x9, 0xb, 0x85, 0xd0,
    0xc5, 0x0, 0xdc, 0x42, 0x16, 0x35, 0x44, 0x14,
    0xc0, 0xc, 0x7c, 0x5, 0x40, 0xa0, 0xb6, 0x6a,
    0x1, 0x16, 0x80, 0x2c, 0x70, 0x43, 0x95, 0x80,
    0x24, 0xda, 0xa0, 0x85, 0xa0, 0x6, 0x10, 0x9,
    0x71, 0xc0, 0x34, 0x9, 0xdb, 0x3a, 0x80, 0x4,
    0xc0, 0x2, 0xe0, 0x7, 0xc7, 0x99, 0x53, 0x0,
    0x5b, 0xe4, 0x40, 0x69, 0xa8, 0x6, 0x8d, 0x0,
    0xb7, 0xf4, 0x41, 0xb9, 0x40, 0x27, 0xb0,

    /* U+6574 "整" */
    0x0, 0xff, 0x10, 0x7, 0xf, 0x73, 0xfd, 0xdd,
    0x18, 0xea, 0x99, 0xc0, 0x3d, 0xcc, 0x1e, 0xe8,
    0xd8, 0x2b, 0x32, 0x30, 0xac, 0xe1, 0xcc, 0x51,
    0x43, 0x5c, 0x85, 0x90, 0x3f, 0x70, 0x73, 0xdb,
    0xd5, 0x11, 0xca, 0x82, 0x0, 0xfe, 0x1c, 0xe0,
    0xfa, 0x4b, 0x68, 0x0, 0xb7, 0xcc, 0x5a, 0xf0,
    0x83, 0x51, 0x48, 0x2, 0x7f, 0x90, 0xbf, 0x82,
    0x9a, 0xb0, 0xc4, 0x4, 0xdc, 0x55, 0xc, 0xc5,
    0x8f, 0x25, 0xcc, 0xa, 0x47, 0xe2, 0xf7, 0x4e,
    0xdd, 0xd5, 0xf8, 0x81, 0x7f, 0xf2, 0x23, 0xff,
    0x8c, 0x2, 0x18, 0x31, 0x11, 0x81, 0x16, 0x10,
    0xe, 0x71, 0x0, 0x92, 0x23, 0x10, 0x7, 0xf9,
    0xee, 0xf1, 0x0, 0x27, 0xfc, 0x39, 0xfe, 0x66,
    0x7f, 0xf9, 0x0,

    /* U+6587 "文" */
    0x0, 0xfa, 0x4c, 0x3, 0xff, 0x84, 0x50, 0x1,
    0xff, 0xc2, 0xf5, 0x10, 0xf, 0x16, 0xef, 0xa4,
    0xf3, 0x77, 0x8c, 0xd1, 0x6, 0x18, 0x8f, 0x0,
    0xc4, 0x8, 0x55, 0x50, 0x68, 0xab, 0x9c, 0xa1,
    0x54, 0x20, 0x11, 0xa4, 0x0, 0x6b, 0x34, 0x0,
    0xfa, 0x59, 0x0, 0x6, 0xd0, 0x1, 0xf8, 0x9e,
    0x84, 0x39, 0x50, 0x3, 0xfa, 0xb, 0x6c, 0x28,
    0x3, 0xfe, 0xe3, 0x4e, 0x0, 0xff, 0x8f, 0xc8,
    0xf5, 0x40, 0x3f, 0x1d, 0x62, 0x6e, 0x3d, 0x59,
    0x80, 0x42, 0xd9, 0x81, 0xc9, 0x0, 0x4e, 0x3e,
    0x61, 0xc4, 0x2d, 0x72, 0xcc, 0x3, 0x1e, 0x61,
    0x6c, 0x7, 0x64, 0xc0, 0x3f, 0x1c, 0xe0, 0x80,

    /* U+65E0 "无" */
    0x2, 0xff, 0xff, 0xe0, 0x20, 0x4, 0x45, 0xc0,
    0x24, 0x5c, 0xe0, 0x2, 0xdd, 0xe1, 0xad, 0xde,
    0x30, 0xf, 0xc2, 0x1, 0xff, 0xc4, 0x60, 0xf,
    0x86, 0xab, 0xac, 0x22, 0xab, 0xc4, 0x4, 0x5c,
    0x2, 0x82, 0x45, 0xc6, 0x31, 0x1c, 0x2e, 0x7b,
    0x11, 0xc2, 0x1, 0xe5, 0xd0, 0xf, 0xfe, 0xc,
    0x12, 0x0, 0x7f, 0xf0, 0xd, 0xe4, 0x3, 0xe7,
    0x10, 0x8, 0xf5, 0x90, 0x3, 0xe9, 0x50, 0x4,
    0x63, 0x48, 0x0, 0x7c, 0x8a, 0x41, 0x61, 0xe6,
    0xa8, 0x0, 0xa9, 0xb7, 0x6b, 0x52, 0x1d, 0xe5,
    0x0, 0xcd, 0xff, 0xd4, 0x0,

    /* U+65E5 "日" */
    0x4, 0x4f, 0xf0, 0x9d, 0xdf, 0xf9, 0x40, 0x1f,
    0xff, 0x80, 0x3f, 0xfb, 0x9f, 0xff, 0x80, 0x36,
    0x67, 0xe0, 0xc, 0x67, 0xf8, 0x3, 0xff, 0xa0,
    0x45, 0xf8, 0x3, 0x6e, 0xfe, 0x0, 0xdd, 0xdf,
    0x80, 0x7, 0xc2, 0x3f, 0xbd, 0x0,

    /* U+65F6 "时" */
    0x0, 0xff, 0xb9, 0x40, 0x11, 0xfd, 0xd2, 0x80,
    0x7f, 0xb, 0x7f, 0x94, 0xcf, 0xc0, 0x46, 0x20,
    0x1, 0x10, 0xe, 0x67, 0xc, 0x62, 0x80, 0x70,
    0xff, 0xf0, 0xd7, 0xa0, 0x12, 0x21, 0xc0, 0x54,
    0x3, 0xf2, 0xc4, 0xc, 0xe, 0x90, 0x3, 0xe7,
    0xcc, 0x20, 0x14, 0xd0, 0x80, 0x7f, 0xf0, 0x19,
    0x6c, 0x3, 0xff, 0x83, 0x3c, 0x1, 0xe6, 0xff,
    0x20, 0x4, 0x48, 0x1, 0xe5, 0xdd, 0x98, 0x3,
    0xfb, 0x64, 0x8a, 0x0, 0x8c, 0x8c, 0x3, 0x21,
    0x80, 0x7b, 0xb7, 0x9, 0x0, 0x3f, 0xdb, 0xfe,
    0xc1, 0x0, 0x0,

    /* U+662F "是" */
    0x0, 0x1f, 0xf7, 0x7e, 0xf4, 0x0, 0xe1, 0xee,
    0xfc, 0x20, 0x1e, 0x1c, 0xcf, 0xc2, 0x1, 0xe1,
    0xdd, 0xfc, 0x20, 0x1e, 0x12, 0x2f, 0xc2, 0x1,
    0xc2, 0x91, 0x1f, 0x91, 0xc0, 0x25, 0x4d, 0xdf,
    0xf2, 0xb0, 0x87, 0xee, 0xf5, 0x4e, 0xef, 0x8c,
    0x2a, 0xe4, 0xae, 0xd2, 0x37, 0x7e, 0x20, 0x9,
    0x54, 0x1, 0x91, 0x38, 0x3, 0xac, 0x40, 0x21,
    0x88, 0xe2, 0x0, 0x90, 0xc2, 0x40, 0x3, 0x99,
    0xc4, 0x0, 0x2a, 0x9f, 0x4d, 0xf0, 0x22, 0xf0,
    0x86, 0x3b, 0x16, 0xd8, 0x86, 0xef, 0x94, 0x32,
    0x40, 0x26, 0xbe, 0xff, 0xf2, 0x0,

    /* U+672A "未" */
    0x0, 0xfb, 0x98, 0x3, 0xff, 0x98, 0x3f, 0xfc,
    0x33, 0xff, 0xac, 0x2, 0x1c, 0xce, 0x17, 0xcc,
    0xd2, 0x1, 0x8c, 0xf8, 0x38, 0xcf, 0x10, 0x7,
    0xff, 0x18, 0xff, 0xfc, 0x33, 0xff, 0xda, 0x7,
    0x99, 0xc2, 0x0, 0x7c, 0xcd, 0xc0, 0x3, 0x3d,
    0x24, 0x2a, 0xe0, 0x67, 0x80, 0x3a, 0x9f, 0x43,
    0x27, 0x10, 0x3, 0xc5, 0x8f, 0x82, 0x0, 0x69,
    0xb7, 0x0, 0xcf, 0xad, 0x82, 0x1, 0x9a, 0xe7,
    0xc, 0x12, 0x65, 0x42, 0x1, 0xe4, 0xf6, 0xe0,
    0x4e, 0x60, 0xf, 0xe1, 0xad, 0x0,

    /* U+672C "本" */
    0x0, 0xfb, 0x58, 0x3, 0xff, 0x98, 0x23, 0xe3,
    0x11, 0xf0, 0x0, 0xbb, 0xbc, 0x31, 0xdd, 0xd8,
    0x5, 0xbb, 0x94, 0xc5, 0x3, 0x37, 0x70, 0x0,
    0x8a, 0x35, 0x83, 0xd3, 0x42, 0x28, 0x40, 0x3a,
    0xd, 0x0, 0x11, 0x2, 0x0, 0xf9, 0x1b, 0x80,
    0x24, 0x5e, 0x0, 0xf1, 0x54, 0x10, 0x6, 0xb2,
    0xa0, 0xc, 0x58, 0x8e, 0x1, 0xc3, 0xab, 0x40,
    0x4, 0xc4, 0x3f, 0xf8, 0xa7, 0xfd, 0x94, 0x98,
    0x9, 0x15, 0x77, 0x85, 0xee, 0xe5, 0xc8, 0x0,
    0x30, 0x12, 0x24, 0x7c, 0x89, 0x1, 0x20, 0x7,
    0xff, 0x14,

    /* U+6790 "析" */
    0x0, 0xff, 0xe0, 0x88, 0x7, 0x72, 0x0, 0x62,
    0x59, 0xec, 0x10, 0xf, 0xd1, 0xfb, 0x23, 0x5a,
    0x20, 0x1f, 0xcb, 0xf9, 0x8, 0x1, 0x27, 0xf8,
    0x6f, 0xe8, 0x3, 0xf9, 0x37, 0x2, 0x76, 0xc0,
    0x48, 0xbc, 0x0, 0x25, 0xb, 0x21, 0x4, 0xdd,
    0xf2, 0x0, 0x28, 0x1, 0x20, 0x6, 0xff, 0x58,
    0xff, 0x90, 0xc, 0x6, 0x1d, 0x0, 0x3f, 0xd1,
    0x20, 0x34, 0x82, 0x20, 0xf, 0x95, 0x94, 0x0,
    0x80, 0x5c, 0x1, 0xf1, 0xc8, 0x7, 0x2a, 0x80,
    0x3e, 0x64, 0x0, 0xc6, 0x26, 0x1, 0xff, 0xc1,
    0xa5, 0x0, 0xff, 0x8c, 0x0, 0x70, 0x1, 0xf8,

    /* U+679C "果" */
    0x0, 0x2f, 0xff, 0xfb, 0x80, 0x3c, 0xcd, 0x20,
    0x33, 0x48, 0x1, 0xe1, 0x99, 0xb8, 0x66, 0x6d,
    0x0, 0xf0, 0xff, 0xd4, 0x3f, 0xf4, 0x80, 0x78,
    0x7f, 0xea, 0x1f, 0xfa, 0x40, 0x3e, 0x22, 0xc2,
    0x45, 0x8, 0x7, 0x8, 0x66, 0x50, 0x19, 0x94,
    0x98, 0x6, 0x4e, 0xed, 0x43, 0xdd, 0xb4, 0x2,
    0xbf, 0xfe, 0xa1, 0xff, 0xf2, 0x5, 0x6e, 0xe3,
    0x0, 0xb, 0xee, 0xe4, 0x1, 0x22, 0x7, 0xbc,
    0x8e, 0x2d, 0x99, 0x10, 0x2, 0x19, 0xda, 0xb3,
    0x2, 0xd3, 0xf7, 0x0, 0xab, 0x8f, 0x5c, 0x3,
    0xaa, 0x97, 0xea, 0x13, 0xb4, 0x40, 0x1f, 0x26,
    0x61, 0x40,

    /* U+6807 "标" */
    0x0, 0xb9, 0x0, 0x4, 0x5f, 0x0, 0x7f, 0x7e,
    0xef, 0x84, 0x3, 0x84, 0x1, 0xbf, 0xfe, 0x10,
    0x6f, 0xf0, 0xd7, 0xb0, 0x7, 0xf3, 0x74, 0x84,
    0x72, 0x33, 0x7e, 0x10, 0x1c, 0x8, 0x30, 0xdd,
    0x54, 0xee, 0xe2, 0x1, 0x40, 0x6f, 0x3b, 0xb7,
    0x85, 0xde, 0x30, 0x97, 0x1d, 0x72, 0x33, 0x0,
    0x4a, 0x40, 0x2, 0x7b, 0x0, 0x51, 0xc2, 0x80,
    0x5b, 0x20, 0xb, 0x62, 0x0, 0x85, 0x1c, 0x2,
    0xa4, 0x30, 0xb9, 0x0, 0xcc, 0x82, 0x1, 0x11,
    0xc0, 0x10, 0x6, 0x18, 0xe0, 0xe, 0xa4, 0x10,
    0xe, 0x1b, 0x53, 0x60, 0x9, 0xe4, 0x3, 0xe4,
    0xc, 0xa5, 0x0, 0xb, 0x8, 0x5, 0xe8, 0x1,
    0x7f, 0xa8, 0x3, 0x80,

    /* U+683C "格" */
    0x0, 0xff, 0xe3, 0xf1, 0x80, 0x6e, 0x40, 0xf,
    0xfe, 0xc, 0xe, 0x44, 0x1c, 0x3, 0xf9, 0x1d,
    0xdd, 0xc2, 0x90, 0x2, 0xff, 0x87, 0x3e, 0x6c,
    0x85, 0x98, 0xf0, 0x0, 0x5d, 0xb0, 0xac, 0x78,
    0xc7, 0x6a, 0x66, 0x0, 0x44, 0x61, 0x27, 0xce,
    0x3b, 0x29, 0x40, 0x1d, 0x60, 0xf6, 0x0, 0x4e,
    0x40, 0xa1, 0x0, 0x8c, 0x6, 0x5, 0x6e, 0xd5,
    0x7e, 0x3d, 0x46, 0x13, 0x40, 0xc, 0xb6, 0x1a,
    0xdc, 0x70, 0x0, 0x9a, 0x30, 0x1, 0xb9, 0x53,
    0xbb, 0x4, 0x15, 0xc0, 0x7, 0x8c, 0xf8, 0x2,
    0x86, 0x0, 0xff, 0xe5, 0x1a, 0x26, 0x0, 0xff,
    0x92, 0x67, 0x0, 0x7b, 0x8c, 0x1, 0x1d, 0xbb,
    0xbc, 0x80,

    /* U+68C0 "检" */
    0x0, 0xff, 0xe3, 0x17, 0x80, 0x72, 0xe8, 0x7,
    0xff, 0x4, 0x6c, 0x94, 0x3, 0x8d, 0x80, 0xc4,
    0x1, 0xaf, 0x94, 0x80, 0x11, 0xe5, 0x86, 0x40,
    0x5b, 0xc9, 0xdd, 0x9c, 0x0, 0x7f, 0x21, 0xf7,
    0xad, 0xe8, 0x80, 0x89, 0xb1, 0x0, 0x60, 0x4c,
    0x96, 0xe2, 0x36, 0x78, 0x6, 0x50, 0x5f, 0x86,
    0xcc, 0xd6, 0x36, 0x20, 0xc8, 0x11, 0x8a, 0xa0,
    0x68, 0x0, 0x62, 0x80, 0x2f, 0x81, 0x20, 0x64,
    0x15, 0x0, 0x88, 0xa0, 0xa2, 0xe0, 0x12, 0x18,
    0x99, 0x82, 0xe4, 0x0, 0xbe, 0x1, 0xc8, 0x40,
    0xe2, 0xee, 0x0, 0x8c, 0x3, 0xac, 0xc2, 0x26,
    0x40, 0x1f, 0x9b, 0x33, 0x9e, 0xb3, 0x0, 0x1e,
    0x48, 0x8e, 0xb9, 0x88, 0x0,

    /* U+6A21 "模" */
    0x0, 0x1f, 0x80, 0x6e, 0x30, 0x5d, 0x0, 0xfc,
    0x59, 0x81, 0xec, 0x82, 0xcc, 0x8, 0x13, 0x1,
    0x7, 0x70, 0x63, 0xac, 0x7b, 0x82, 0x7b, 0x41,
    0xb6, 0xd4, 0xfb, 0x5c, 0xf4, 0x0, 0x3f, 0xa0,
    0xe9, 0xd3, 0xfe, 0xeb, 0xdd, 0x80, 0x2c, 0xb,
    0x0, 0x2d, 0x57, 0x0, 0x73, 0x83, 0xa0, 0x3e,
    0xef, 0x8, 0x4, 0x80, 0x8, 0xe0, 0x59, 0x9e,
    0x10, 0xb, 0x9c, 0x16, 0xea, 0x9c, 0x2d, 0xdc,
    0x95, 0x2, 0x4d, 0x0, 0x9, 0x3b, 0x81, 0x1d,
    0xe0, 0x0, 0xb3, 0x80, 0x27, 0xba, 0x65, 0xee,
    0xc0, 0x70, 0x1, 0x4f, 0xf9, 0xca, 0x87, 0x7f,
    0xc0, 0x1f, 0x1d, 0xaf, 0xac, 0x63, 0x88, 0x7,
    0xab, 0xf7, 0x44, 0xd, 0x9b, 0x82, 0x0, 0x3f,
    0xa, 0xc6, 0x0, 0xc5, 0x5a, 0x20,

    /* U+6B63 "正" */
    0x2, 0x44, 0xff, 0xe0, 0x10, 0x2, 0xab, 0xeb,
    0xaa, 0xeb, 0x0, 0x47, 0x77, 0x50, 0x77, 0x74,
    0x80, 0x7f, 0xf2, 0xc, 0x3, 0xff, 0x87, 0x86,
    0x1, 0xff, 0xc8, 0xff, 0xe0, 0xf, 0xfb, 0x33,
    0x80, 0x3f, 0xe3, 0x3e, 0x0, 0xff, 0xf3, 0xc,
    0xc8, 0x22, 0x65, 0xe1, 0x33, 0xe1, 0x0, 0x98,
    0x80, 0x4, 0xc0, 0x1f, 0x0,

    /* U+6B64 "此" */
    0x0, 0xc7, 0xe0, 0x17, 0x28, 0x7, 0xff, 0x6f,
    0x88, 0x3, 0xf9, 0x88, 0x2, 0x11, 0x0, 0x11,
    0x2, 0x0, 0x1a, 0x95, 0x0, 0xfa, 0xa8, 0xa1,
    0xdc, 0x1d, 0x70, 0xf, 0xbb, 0x88, 0xf, 0x96,
    0x40, 0x1f, 0xfc, 0x9, 0x30, 0xf, 0xff, 0x35,
    0x18, 0x7, 0xc6, 0x20, 0x1c, 0xee, 0x2, 0xa,
    0x80, 0xfc, 0x50, 0xd3, 0x32, 0x13, 0x1e, 0x82,
    0x94, 0xe7, 0xa4, 0xb6, 0x62, 0xd8, 0x8f, 0x7f,
    0x25, 0x8c, 0x0, 0xfd, 0xff, 0x48, 0x0,

    /* U+6BC1 "毁" */
    0x0, 0xc, 0x90, 0x7, 0xff, 0x1, 0x7c, 0x5f,
    0xfd, 0x40, 0xff, 0xf4, 0x0, 0x5f, 0x70, 0xbf,
    0x20, 0x12, 0xf3, 0x0, 0x7f, 0xf0, 0x84, 0x3,
    0xd5, 0xe7, 0xd2, 0x0, 0xe2, 0x0, 0xfa, 0x7c,
    0xfa, 0x40, 0xf, 0xa0, 0x26, 0xa0, 0x11, 0x80,
    0x61, 0xa3, 0x50, 0xb7, 0x91, 0x1, 0xaf, 0xfa,
    0x44, 0xa4, 0x88, 0x3f, 0x82, 0x17, 0xff, 0xd5,
    0xf7, 0x31, 0xc, 0x60, 0x6, 0xff, 0xf5, 0x3a,
    0x6d, 0x40, 0x38, 0x3, 0x7f, 0x43, 0xfd, 0x41,
    0xf0, 0x12, 0xe2, 0x1, 0xfe, 0x45, 0xe6, 0x80,
    0xc, 0x48, 0x13, 0x7a, 0x60, 0x22, 0x70, 0x8,
    0xbf, 0x6d, 0x47, 0x65, 0x38, 0x71, 0xf1, 0x0,
    0xbb, 0xf6, 0xa1, 0xb6, 0xea, 0xcf, 0x52, 0x0,
    0x2, 0x1, 0xd3, 0x88, 0x1, 0x46, 0x0,

    /* U+6C42 "求" */
    0x0, 0xfb, 0x58, 0x2a, 0x48, 0x3, 0xff, 0x83,
    0x5f, 0x86, 0x0, 0x2f, 0xff, 0x14, 0xff, 0xa4,
    0x73, 0x0, 0x59, 0x9e, 0x15, 0xcc, 0xee, 0x0,
    0x14, 0x91, 0x9e, 0x63, 0x39, 0xa0, 0x80, 0x2,
    0x7e, 0x20, 0x11, 0xa0, 0x25, 0x68, 0x6, 0x94,
    0xc0, 0x8, 0xe1, 0x2e, 0x58, 0x3, 0xa9, 0x0,
    0x4e, 0x86, 0xe9, 0x80, 0x3e, 0x96, 0xf1, 0xe,
    0x6, 0x0, 0xf9, 0x36, 0xe8, 0x80, 0xe3, 0x4c,
    0x3, 0x1d, 0xda, 0xb5, 0x0, 0x27, 0x76, 0x28,
    0x1, 0x30, 0x75, 0xc0, 0x3d, 0x31, 0x56, 0x9,
    0x94, 0x44, 0x33, 0xc0, 0x13, 0xe6, 0x80, 0xc,
    0x0, 0xb9, 0x83, 0x40, 0xc, 0x6c, 0x1, 0xcf,
    0xfe, 0xd1, 0x0, 0xf8,

    /* U+6CBB "治" */
    0x0, 0xfc, 0x26, 0x1, 0xf1, 0x7c, 0x8, 0x5,
    0x1c, 0x1, 0xf1, 0x62, 0x78, 0x81, 0x34, 0x80,
    0x80, 0x78, 0xf3, 0x44, 0x25, 0x50, 0x32, 0x40,
    0x3e, 0x30, 0x55, 0x58, 0x3, 0xdd, 0x80, 0x3,
    0x44, 0x0, 0x2a, 0xb1, 0x0, 0x1c, 0xc8, 0xc0,
    0x7, 0xb2, 0x1e, 0x17, 0xdf, 0xee, 0x80, 0xe0,
    0x19, 0xd1, 0xb, 0x9a, 0xdd, 0x77, 0xfb, 0x9c,
    0x40, 0x5, 0x0, 0xc8, 0xc2, 0x6, 0x44, 0x3a,
    0x10, 0x8, 0xdc, 0xb7, 0x7f, 0x10, 0x6, 0xfe,
    0x0, 0x7f, 0xf8, 0x3, 0x94, 0xe0, 0x3, 0xff,
    0x83, 0x70, 0x20, 0x1f, 0xfc, 0x9, 0x37, 0x0,
    0x95, 0x7c, 0x1, 0xd2, 0x1, 0xa2, 0x3c, 0x1,
    0xa5, 0x0, 0x5, 0xfb, 0xbe, 0xf2, 0x0,

    /* U+6CD5 "法" */
    0x1, 0xb7, 0x10, 0xc, 0x9c, 0x1, 0xe1, 0xaf,
    0xf1, 0x0, 0x7f, 0xf0, 0x6, 0x38, 0xab, 0xb9,
    0x63, 0xdd, 0x38, 0x7, 0xd1, 0xba, 0x80, 0xdd,
    0x98, 0x1, 0xb4, 0x20, 0x2, 0x33, 0x84, 0xce,
    0x10, 0x7, 0x8f, 0x18, 0x7, 0xff, 0x0, 0xae,
    0x8d, 0x2e, 0xe9, 0x1b, 0xbc, 0x20, 0x12, 0x83,
    0x6e, 0xc4, 0x9b, 0xb8, 0x40, 0x35, 0x1b, 0x30,
    0xc2, 0x99, 0xb0, 0x6, 0x64, 0x10, 0x4, 0x40,
    0x52, 0x80, 0x3d, 0x10, 0x0, 0x38, 0x38, 0x23,
    0xb8, 0x3, 0x41, 0xb0, 0x14, 0x48, 0x11, 0xa4,
    0x10, 0x0, 0xde, 0x40, 0x1e, 0x15, 0xfb, 0xc4,
    0x70, 0x0, 0x76, 0x40, 0x5, 0xce, 0xf7, 0xed,
    0xf2, 0x8, 0x24, 0x80, 0x4c, 0xc3, 0x10, 0x8,
    0xb8, 0x40,

    /* U+6CE2 "波" */
    0x3, 0xb4, 0x0, 0xe4, 0xe0, 0xf, 0x1f, 0x55,
    0x0, 0xc8, 0x82, 0x22, 0x2c, 0x1, 0x2f, 0x42,
    0xe6, 0xea, 0x83, 0x77, 0x18, 0x6, 0x20, 0x2f,
    0xf5, 0x8f, 0xfa, 0x88, 0xc6, 0xd0, 0x3, 0xfd,
    0x34, 0x3, 0x97, 0x40, 0x1f, 0xd0, 0xc0, 0x7,
    0xd2, 0x0, 0x17, 0xfa, 0xc7, 0xfd, 0x60, 0x18,
    0xa0, 0xc, 0xcc, 0xbd, 0xd4, 0x10, 0x80, 0x64,
    0x11, 0x3d, 0xa8, 0x8, 0xaa, 0xc0, 0x3a, 0x9f,
    0x88, 0x8d, 0x40, 0xe0, 0xc0, 0x19, 0x81, 0x97,
    0xc2, 0x5a, 0xe3, 0x80, 0x3a, 0xe4, 0x4d, 0x0,
    0xa, 0x86, 0x60, 0xc, 0xc6, 0xec, 0x45, 0x5b,
    0xc8, 0xea, 0x80, 0x55, 0x21, 0x31, 0x5a, 0x3c,
    0xda, 0xb5, 0xc6, 0x18, 0xe1, 0xab, 0x3b, 0x42,
    0x0, 0x8f, 0xb3,

    /* U+6D01 "洁" */
    0x7, 0x60, 0xf, 0x72, 0x80, 0x72, 0xd6, 0x10,
    0x8f, 0x0, 0x8e, 0x2, 0xcb, 0x6e, 0xec, 0x15,
    0xdd, 0x60, 0x4, 0xe9, 0xdd, 0x82, 0xbb, 0xad,
    0x4b, 0x30, 0x0, 0x8f, 0x0, 0x8c, 0x8, 0x78,
    0xe1, 0x17, 0x70, 0xc5, 0xdc, 0x41, 0x1a, 0x61,
    0x9b, 0xb4, 0xde, 0xec, 0x60, 0x2, 0x40, 0x46,
    0x6f, 0xc2, 0x1, 0x41, 0x13, 0xbb, 0xeb, 0x0,
    0x89, 0xc0, 0x3, 0xbb, 0xcc, 0xe0, 0x14, 0x29,
    0x0, 0xc, 0xfb, 0xc0, 0x23, 0x58, 0x0, 0xff,
    0xe0, 0x7b, 0x10, 0x4, 0xab, 0xda, 0x1, 0x34,
    0x0, 0x69, 0x9e, 0x40, 0xa, 0x84, 0x0, 0x5d,
    0x99, 0xdd, 0x80,

    /* U+6D4B "测" */
    0x0, 0xff, 0xe2, 0x2e, 0xc1, 0x7f, 0xf1, 0x0,
    0x7, 0x81, 0x7c, 0xc4, 0x3f, 0xe2, 0x1, 0xd0,
    0xc, 0x56, 0x60, 0xc, 0x0, 0xfc, 0x20, 0x1c,
    0x40, 0x1f, 0x17, 0x48, 0x7, 0xff, 0x0, 0xb5,
    0x6c, 0x3, 0xff, 0x80, 0x59, 0x20, 0x1f, 0xfc,
    0x22, 0x0, 0xff, 0xe1, 0x38, 0x7, 0xff, 0x5,
    0xa8, 0x3, 0xff, 0x83, 0x54, 0x7, 0x54, 0xb,
    0x31, 0xa0, 0x8, 0xcc, 0xc1, 0x13, 0x98, 0x71,
    0x7, 0x0, 0xa1, 0x44, 0x29, 0x99, 0x38, 0x20,
    0x1c, 0x70, 0x10, 0x54, 0xa, 0xa4, 0xd, 0xe7,
    0x8, 0x20, 0x88, 0x0, 0x50, 0xa1, 0xbf, 0x20,

    /* U+6D77 "海" */
    0x0, 0x20, 0x6, 0x81, 0x0, 0xfc, 0x53, 0x86,
    0xa, 0xc2, 0x1, 0xf8, 0xb5, 0x20, 0x24, 0x77,
    0x7e, 0x0, 0xd1, 0x68, 0x77, 0x33, 0xf0, 0x7,
    0xa5, 0xd1, 0x3f, 0x0, 0x18, 0x41, 0x43, 0xff,
    0xf2, 0x0, 0xff, 0x99, 0x77, 0x9b, 0xd6, 0xbf,
    0xc2, 0xe0, 0x33, 0xa0, 0x11, 0x78, 0x5c, 0x90,
    0x8, 0x80, 0x23, 0x66, 0x72, 0x4f, 0x79, 0x67,
    0x6, 0xb0, 0x5, 0x6b, 0xa1, 0x76, 0x4d, 0xd8,
    0x2d, 0xc0, 0x6, 0x86, 0x40, 0x8a, 0x28, 0x62,
    0x8, 0x20, 0x9, 0x60, 0x51, 0x1a, 0x70, 0x58,
    0x44, 0x0, 0x15, 0xa0, 0x21, 0xee, 0x6a, 0x75,
    0x8f, 0x80, 0x24, 0xcc, 0xd, 0xff, 0xe5, 0x6e,
    0x0, 0x74, 0x80, 0x78, 0x7f, 0xc9, 0x60, 0x13,
    0x28, 0x7, 0x87, 0xfd, 0xc4, 0x0,

    /* U+6EE4 "滤" */
    0x1, 0x70, 0xf, 0x75, 0x11, 0x42, 0x0, 0x1f,
    0xe4, 0x0, 0xe4, 0xee, 0xa4, 0x2, 0x8d, 0x14,
    0x76, 0x60, 0x95, 0x55, 0xe2, 0x1, 0x1a, 0xed,
    0xf7, 0xd, 0x3b, 0xa8, 0x0, 0x41, 0x80, 0x49,
    0x12, 0x73, 0x35, 0xa0, 0x86, 0xea, 0x80, 0x29,
    0xc0, 0xfd, 0xb3, 0xa0, 0x2, 0xfe, 0x80, 0x3e,
    0x3c, 0x3f, 0x28, 0xe4, 0x2, 0x17, 0x3, 0x1,
    0x23, 0xef, 0xf6, 0xe0, 0x6, 0x72, 0x11, 0x0,
    0x33, 0xbf, 0xdc, 0x80, 0x10, 0xc0, 0xb1, 0x8,
    0x14, 0xc0, 0x28, 0x6, 0x63, 0x31, 0x2d, 0x2f,
    0xc2, 0x96, 0xb0, 0x5, 0x32, 0x31, 0x5, 0x70,
    0x7, 0x6, 0xd8, 0x1, 0xcd, 0x69, 0xd9, 0x80,
    0x11, 0x9a, 0x11, 0x40, 0xa0, 0x1e, 0x8a, 0x48,
    0x37, 0x5e, 0xb0, 0xa0, 0xaa, 0xf, 0x35, 0x10,
    0xdd, 0xba, 0x4, 0x0,

    /* U+706B "火" */
    0x0, 0xfa, 0xe4, 0x3, 0xff, 0xa4, 0xe2, 0x1,
    0xfe, 0xa4, 0x0, 0xfd, 0x68, 0x1, 0xa, 0xb8,
    0x0, 0x7c, 0x2, 0x44, 0x28, 0x4, 0xc4, 0x60,
    0x2, 0x20, 0x5, 0xc, 0x20, 0x14, 0xd0, 0x0,
    0x40, 0x80, 0x8, 0x70, 0x1, 0x31, 0xb8, 0x1,
    0x2, 0xc0, 0x1b, 0x2, 0x1, 0x36, 0x80, 0x5e,
    0x67, 0x4, 0xb8, 0x7, 0xe2, 0x58, 0x7f, 0x0,
    0xff, 0xb8, 0xd2, 0x4a, 0x0, 0x3f, 0xa8, 0xb8,
    0x6, 0x9e, 0x0, 0x3c, 0x78, 0x9a, 0x40, 0x4,
    0xb7, 0xc4, 0x0, 0xaf, 0x1b, 0xcc, 0x3, 0x27,
    0x35, 0xe8, 0x87, 0xed, 0x8, 0x7, 0x86, 0xba,
    0x44,

    /* U+70B9 "点" */
    0x0, 0xfa, 0xdc, 0x3, 0xff, 0x87, 0x1f, 0xfc,
    0xe0, 0x1f, 0xcf, 0x99, 0xcc, 0x1, 0xfd, 0xe6,
    0x7c, 0x20, 0x11, 0x4c, 0xe5, 0xb9, 0x9c, 0x40,
    0x18, 0x58, 0x46, 0x64, 0x11, 0x99, 0x80, 0x1c,
    0x31, 0x1f, 0x84, 0x3, 0xff, 0x94, 0x39, 0x9f,
    0x84, 0x3, 0x8a, 0xa6, 0x7f, 0x52, 0x80, 0x63,
    0xd5, 0x41, 0x54, 0x35, 0x56, 0x10, 0x6, 0x82,
    0x4, 0xa0, 0x18, 0x30, 0xfd, 0x10, 0x2, 0x2c,
    0x3, 0x8, 0x1, 0xe4, 0x18, 0xac, 0x1, 0x12,
    0x40, 0x44, 0x10, 0xd0, 0xb, 0xc4, 0x1, 0x8c,
    0x0, 0x1d, 0x10, 0x4a, 0x0, 0x1d, 0x80,

    /* U+7167 "照" */
    0x0, 0xff, 0xe2, 0xc7, 0xfe, 0x6f, 0xff, 0xa8,
    0x2, 0x5e, 0xe0, 0x27, 0xf8, 0xa7, 0xfc, 0xe6,
    0x1, 0x84, 0x40, 0x12, 0x13, 0x80, 0x8, 0x40,
    0x30, 0x88, 0x0, 0xd7, 0x22, 0xee, 0x4c, 0x0,
    0x97, 0xb8, 0x17, 0x56, 0xc0, 0x3f, 0x8, 0x1,
    0x2f, 0xf8, 0x2d, 0xbe, 0xed, 0xa7, 0xa4, 0x1,
    0xf9, 0x33, 0xff, 0x23, 0x0, 0x7f, 0x22, 0x70,
    0x80, 0x64, 0xbb, 0x0, 0x4e, 0x1, 0xfc, 0x59,
    0x88, 0x33, 0x5f, 0xfe, 0x17, 0x0, 0x4c, 0x23,
    0xb8, 0x77, 0xf7, 0xfd, 0x78, 0x60, 0x1, 0xfa,
    0x8, 0x80, 0xe, 0x90, 0x67, 0x0, 0x48, 0x88,
    0xd, 0x20, 0x13, 0x50, 0x80, 0x80, 0x1a, 0x81,
    0x1, 0x60, 0x5, 0xd8, 0x1, 0x2e, 0x22, 0xc7,
    0x0, 0x26, 0x80, 0x1f, 0x0, 0x9, 0xa2,

    /* U+7387 "率" */
    0x0, 0xf9, 0x88, 0x3, 0xff, 0x85, 0xfe, 0x0,
    0xfd, 0xbf, 0xfc, 0xc5, 0xff, 0xe1, 0xc, 0xde,
    0xea, 0x87, 0x73, 0x1d, 0xcc, 0xe1, 0x5, 0xc4,
    0x13, 0xbd, 0x3f, 0xb1, 0x9d, 0x0, 0x93, 0x6d,
    0x78, 0x73, 0x9a, 0x25, 0x70, 0x40, 0x23, 0xf5,
    0xee, 0x22, 0xf0, 0x5e, 0x90, 0x6, 0x19, 0xe3,
    0xa2, 0xaf, 0x7e, 0xa1, 0x0, 0xa7, 0x87, 0x7d,
    0x11, 0xc9, 0x1e, 0x7e, 0x80, 0xc, 0xd9, 0x38,
    0xba, 0xbf, 0xa0, 0x98, 0x20, 0x3, 0x81, 0x11,
    0x1b, 0x38, 0x9c, 0x49, 0x10, 0x5, 0xbb, 0xe4,
    0x46, 0xef, 0x8c, 0xbf, 0xfc, 0xaa, 0xff, 0xf1,
    0x80, 0x7f, 0xf5, 0x0,

    /* U+7406 "理" */
    0x3f, 0xfd, 0x87, 0xff, 0xf7, 0x0, 0x99, 0x1,
    0xa8, 0xd, 0x50, 0x22, 0xa0, 0x0, 0x59, 0xc3,
    0x92, 0x0, 0x55, 0xa, 0xa9, 0x0, 0x3f, 0x87,
    0x74, 0x3f, 0xbc, 0x1, 0xfc, 0x3f, 0xe1, 0x9f,
    0x80, 0xb, 0xf0, 0x7e, 0x0, 0x4, 0x40, 0x62,
    0x60, 0xb, 0x68, 0x36, 0x40, 0x73, 0x3, 0xf9,
    0xc0, 0x11, 0x30, 0x90, 0x9d, 0xc4, 0x2, 0xa2,
    0x74, 0x3, 0xf2, 0x24, 0x6, 0x88, 0x30, 0xf,
    0x1c, 0x6e, 0xc1, 0x5b, 0xb0, 0x0, 0x50, 0x7f,
    0xd5, 0xdd, 0x4, 0x77, 0x40, 0x9d, 0x2d, 0x98,
    0x23, 0x38, 0x8, 0xce, 0x5, 0xbe, 0x93, 0x68,
    0x8c, 0x1d, 0x11, 0x20, 0xa0, 0x5, 0xc2, 0x39,
    0x8c, 0x47, 0x0,

    /* U+7528 "用" */
    0x0, 0x12, 0xaf, 0xfc, 0x1, 0x55, 0x22, 0x2b,
    0xa8, 0x8d, 0x46, 0x1, 0x2e, 0xed, 0x63, 0xbb,
    0x80, 0x3f, 0xf9, 0xb, 0xbb, 0x58, 0xee, 0xe0,
    0xe, 0x38, 0x89, 0x82, 0x23, 0x0, 0x72, 0xae,
    0xd1, 0x55, 0xc0, 0x18, 0x40, 0x3f, 0xf8, 0x46,
    0xdf, 0xf5, 0xf, 0xfe, 0x0, 0xcc, 0xf9, 0x94,
    0xe, 0x66, 0x0, 0xc7, 0x66, 0x71, 0x1, 0x9e,
    0x0, 0x94, 0xc, 0x3, 0xff, 0x81, 0x2e, 0x1,
    0xf0, 0x88, 0x80, 0x4c, 0x64, 0x3, 0x8, 0x2,
    0x7b, 0x4c, 0x8f, 0x44, 0x3, 0x27, 0x4, 0x7f,
    0xb0, 0x0,

    /* U+7535 "电" */
    0x0, 0xe5, 0xe0, 0xf, 0x84, 0xc8, 0xb0, 0x91,
    0x70, 0x3, 0x73, 0x76, 0x80, 0xdd, 0xe3, 0x0,
    0x3f, 0x75, 0x21, 0xdd, 0x80, 0x37, 0x88, 0xc6,
    0x23, 0xc0, 0x1a, 0x77, 0x6b, 0x1d, 0xdc, 0x1,
    0x9e, 0x66, 0x60, 0x99, 0xc0, 0x1b, 0x91, 0x2d,
    0x14, 0x4c, 0x1, 0xb8, 0xce, 0x21, 0x33, 0xc0,
    0x19, 0xb3, 0x28, 0xc, 0xcc, 0x1, 0x3c, 0x7f,
    0xd4, 0x3f, 0xfc, 0xc9, 0x6e, 0x1, 0xfe, 0xdf,
    0x0, 0xe1, 0x12, 0x99, 0xc8, 0xb8, 0x1, 0xc8,
    0x8a, 0xcc, 0xac, 0x58,

    /* U+7597 "疗" */
    0x0, 0xfe, 0x20, 0xf, 0xfe, 0x12, 0x68, 0x80,
    0x7e, 0x23, 0x3c, 0xe1, 0x26, 0x78, 0x40, 0x28,
    0xcd, 0xdc, 0x2d, 0xbb, 0x9c, 0x38, 0x81, 0xfb,
    0xbf, 0xcc, 0x13, 0x20, 0x1, 0x2a, 0xfe, 0x20,
    0x3, 0xb3, 0x1, 0xe6, 0x7d, 0x75, 0x60, 0x16,
    0xb0, 0x2e, 0x66, 0xd5, 0xa, 0x90, 0x9, 0xd7,
    0xc0, 0x31, 0xf0, 0xf2, 0x80, 0xb, 0xb4, 0x84,
    0x3, 0x30, 0xc0, 0x6, 0x2a, 0xa1, 0x28, 0x7,
    0xff, 0x1, 0xc, 0xc, 0x3, 0xff, 0x83, 0x2a,
    0x1, 0xff, 0xc1, 0x45, 0x90, 0x8, 0x44, 0x60,
    0x1f, 0x63, 0x98, 0x5, 0x9d, 0x2e, 0x1, 0xe8,
    0x80, 0x6, 0xdf, 0xf4, 0x80, 0x70,

    /* U+7684 "的" */
    0x0, 0xb, 0x88, 0x4, 0xa6, 0x1, 0xe4, 0x91,
    0x0, 0xa5, 0x80, 0x3d, 0x8e, 0x1, 0x9, 0xa0,
    0x6, 0x9f, 0x66, 0x7f, 0x85, 0xc3, 0xbf, 0xeb,
    0x7, 0xee, 0x80, 0x15, 0x1d, 0xd3, 0x88, 0x0,
    0x46, 0x4, 0x27, 0x11, 0x80, 0xc0, 0x3d, 0xf2,
    0x1, 0xf0, 0x99, 0xc1, 0x6b, 0xc4, 0x0, 0x11,
    0x3, 0xf7, 0x40, 0x2, 0x6f, 0x0, 0x1f, 0x83,
    0x6e, 0xc0, 0x14, 0x4, 0x0, 0x80, 0x7f, 0xa5,
    0x81, 0xc4, 0x3, 0xf9, 0x38, 0x8, 0x80, 0x48,
    0x90, 0x7, 0xc2, 0xc0, 0x93, 0x31, 0x0, 0x42,
    0x26, 0x12, 0x6, 0xdd, 0xc2, 0x7, 0xdc, 0x98,
    0x9, 0x80, 0xf, 0x1f, 0xfc, 0xc0,

    /* U+76EE "目" */
    0x7f, 0xff, 0xf3, 0x1, 0xe6, 0x7e, 0x10, 0x3,
    0x99, 0xff, 0x0, 0x7f, 0xf0, 0x93, 0xbb, 0xf1,
    0x0, 0xe, 0xab, 0xf0, 0x80, 0x1d, 0x13, 0xf1,
    0x80, 0x7f, 0xf0, 0x93, 0xff, 0xf1, 0x0, 0xf,
    0x33, 0xf0, 0x80, 0x1c, 0xcf, 0xf8, 0x0, 0xe2,
    0x3f, 0x8c, 0x0, 0x7d, 0xdf, 0x84, 0x0, 0x7d,
    0xdf, 0x84, 0x0,

    /* U+77E5 "知" */
    0x0, 0x19, 0x80, 0x3f, 0xf8, 0x31, 0x60, 0x1f,
    0xfc, 0x14, 0x4, 0x48, 0xd3, 0xff, 0xa0, 0x14,
    0x16, 0xe6, 0x60, 0x1e, 0xe9, 0x0, 0x12, 0xfa,
    0x1d, 0xb4, 0x0, 0x11, 0x80, 0x6, 0x69, 0x0,
    0xff, 0xe0, 0x1f, 0x8, 0x7, 0xff, 0x1, 0x3b,
    0xfc, 0x19, 0xfe, 0x30, 0xf, 0x26, 0xea, 0xc2,
    0xf7, 0x46, 0x1, 0xf1, 0x10, 0x40, 0x48, 0x80,
    0x1f, 0xec, 0x2a, 0x40, 0xf, 0xf0, 0xb5, 0xdc,
    0x80, 0x1f, 0xd4, 0x2c, 0x91, 0x40, 0x39, 0x92,
    0x0, 0x29, 0x2c, 0x0, 0xfa, 0x0, 0x99, 0x8c,
    0x9, 0x61, 0x40, 0x23, 0x1, 0x55, 0xa2, 0xcb,
    0x5c, 0x3, 0x93, 0x80, 0x24, 0x30,

    /* U+77ED "短" */
    0x0, 0x39, 0x80, 0x7f, 0xf0, 0xa9, 0xc0, 0x2a,
    0xff, 0xfa, 0x40, 0x48, 0x51, 0x7, 0x7d, 0xdf,
    0x40, 0x28, 0x45, 0xc5, 0x8, 0xff, 0x7, 0x3c,
    0x1e, 0x48, 0xff, 0xfc, 0x0, 0x4a, 0x0, 0xc6,
    0x1b, 0xba, 0x80, 0x2c, 0x33, 0x8, 0xc0, 0x2,
    0x2c, 0xc0, 0x1, 0xde, 0x92, 0xee, 0x0, 0x7f,
    0xf, 0xfa, 0x17, 0xfc, 0x0, 0xff, 0xd8, 0x1,
    0xdc, 0xc0, 0x2, 0xdc, 0xdd, 0xaf, 0x40, 0x32,
    0x14, 0x0, 0x16, 0x48, 0xaa, 0x70, 0x8, 0x89,
    0x8c, 0x60, 0xaa, 0x10, 0x41, 0x50, 0xa, 0x18,
    0xa3, 0xc0, 0x88, 0x81, 0xcc, 0x1, 0x2a, 0xa0,
    0x1b, 0xc8, 0x94, 0x4, 0xba, 0x42, 0x11, 0x42,
    0x0, 0x2d, 0xd4, 0x56, 0x85, 0xee, 0x83, 0x54,
    0x2, 0x1f, 0xff, 0xd8,

    /* U+786C "硬" */
    0x3f, 0xfe, 0xcf, 0xff, 0xc2, 0x7d, 0x43, 0xdc,
    0xcf, 0xf8, 0x73, 0xfe, 0x10, 0x12, 0x41, 0x10,
    0x7, 0xff, 0x3, 0x34, 0x0, 0x9f, 0xf0, 0xe7,
    0xfb, 0x80, 0x24, 0x50, 0x8, 0xbf, 0xc3, 0x9f,
    0xa0, 0x12, 0x86, 0x77, 0x4, 0xb3, 0x3, 0xd9,
    0xe0, 0x14, 0x86, 0xe8, 0x40, 0xb7, 0x41, 0x3b,
    0x20, 0x5, 0x30, 0x33, 0x0, 0x42, 0x20, 0x71,
    0x60, 0x3, 0xb8, 0x3, 0x8b, 0xfc, 0x19, 0xfa,
    0x0, 0x29, 0x0, 0xce, 0xef, 0xc0, 0xff, 0xb8,
    0x3, 0xe3, 0x34, 0x52, 0x80, 0x7e, 0xff, 0x0,
    0x29, 0x5a, 0x40, 0x3f, 0x6e, 0xc1, 0x24, 0xb9,
    0x4a, 0x20, 0x10, 0xc9, 0x15, 0xe7, 0xb5, 0xdb,
    0xdc, 0xf1, 0x0, 0x30, 0x5, 0xd6, 0x40, 0x2f,
    0x7f, 0xc2,

    /* U+7B49 "等" */
    0x0, 0x94, 0x3, 0x90, 0x80, 0x3e, 0x7b, 0x11,
    0x80, 0xad, 0x84, 0x70, 0x0, 0xa0, 0x7b, 0xb4,
    0x85, 0xf7, 0x63, 0x1f, 0x5f, 0x1b, 0xf7, 0x6e,
    0xe0, 0xdf, 0xf8, 0xc2, 0xa8, 0x14, 0xc0, 0x2c,
    0x22, 0xa7, 0x0, 0x85, 0xe7, 0xab, 0x39, 0xd3,
    0xb9, 0x5b, 0x60, 0x1a, 0x33, 0x33, 0x26, 0x66,
    0xa0, 0x0, 0xa2, 0xb3, 0x63, 0x76, 0x6c, 0xa8,
    0x25, 0x33, 0xe7, 0x19, 0x95, 0xcc, 0xc8, 0x7b,
    0xbf, 0xd2, 0x1b, 0xb2, 0x84, 0xff, 0xfe, 0xb0,
    0xff, 0x70, 0x2, 0x3b, 0xa, 0x7b, 0xb5, 0x7,
    0x73, 0xc0, 0x2, 0x23, 0xb9, 0x71, 0x1c, 0x2,
    0x30, 0x7, 0x35, 0xc0, 0x8e, 0x0, 0xff, 0x27,
    0xd, 0xf5, 0x28, 0x7, 0xff, 0x2, 0xbf, 0xd4,
    0x1, 0x80,

    /* U+7B80 "简" */
    0x0, 0x94, 0x40, 0x31, 0x98, 0x3, 0xc5, 0x46,
    0x1, 0xb9, 0x0, 0x3d, 0x21, 0xbf, 0xed, 0x52,
    0x8f, 0xfb, 0x81, 0x97, 0xa0, 0xff, 0xd5, 0x3e,
    0xcb, 0xfc, 0x19, 0xa6, 0xea, 0x7, 0x2c, 0x10,
    0x1, 0xa9, 0xf4, 0xfb, 0x72, 0xf7, 0x58, 0xfc,
    0x60, 0x27, 0x1e, 0xb3, 0x3f, 0x3, 0x81, 0x4b,
    0xe9, 0x22, 0x7c, 0x1, 0xe1, 0xfe, 0xed, 0xe0,
    0x1f, 0xee, 0xec, 0x1, 0xff, 0x77, 0x60, 0xf,
    0xfb, 0xbb, 0x0, 0x7f, 0xd9, 0x98, 0x3, 0xfd,
    0xbd, 0xdb, 0x40, 0x3f, 0x88, 0xbd, 0xde, 0x6a,
    0x7, 0xc0, 0x1f, 0xbb, 0xf4, 0x40,

    /* U+7C73 "米" */
    0x0, 0xfb, 0x98, 0x2, 0x11, 0x0, 0x43, 0xc8,
    0x1, 0xfa, 0x30, 0x2, 0x19, 0xa1, 0x0, 0xf1,
    0xb4, 0x80, 0x67, 0x38, 0x0, 0xf7, 0xb2, 0x0,
    0x74, 0x88, 0x7, 0x1b, 0xc8, 0x4, 0x28, 0x80,
    0xc4, 0x40, 0x72, 0x3f, 0xa2, 0xc, 0x16, 0xef,
    0xc2, 0xf7, 0x7d, 0xe0, 0x9f, 0xfb, 0x0, 0x2,
    0x7f, 0xfb, 0x0, 0x38, 0x76, 0x46, 0x2, 0x40,
    0x3f, 0xe, 0x23, 0x0, 0x35, 0xe4, 0x3, 0xc5,
    0x8d, 0x40, 0x10, 0xe3, 0xd0, 0x6, 0x5d, 0x7b,
    0x0, 0xe2, 0xc7, 0xd4, 0x5, 0xa8, 0xa0, 0xf,
    0x8b, 0x52, 0x41, 0x79, 0xc0, 0x3f, 0xd3, 0xa0,

    /* U+7C97 "粗" */
    0x17, 0xd, 0x52, 0x75, 0xff, 0xea, 0x1, 0x91,
    0x0, 0x2f, 0x1, 0x77, 0x4a, 0x1, 0x22, 0x0,
    0x19, 0xa0, 0x23, 0x8c, 0x2, 0xdd, 0x1, 0xb2,
    0x0, 0x7f, 0x2d, 0x0, 0x38, 0x0, 0x75, 0x53,
    0x80, 0x17, 0x74, 0x53, 0x96, 0x3, 0xbb, 0x10,
    0x1, 0x7a, 0xc1, 0xfa, 0xc0, 0x9d, 0xe5, 0x0,
    0x87, 0x1, 0xc8, 0x3, 0xfe, 0x62, 0x6e, 0x0,
    0xa, 0x24, 0x40, 0x13, 0xb8, 0x31, 0xe0, 0xa,
    0x66, 0x40, 0x0, 0xcd, 0x80, 0x22, 0x40, 0xf7,
    0x66, 0x0, 0x22, 0x8, 0x0, 0x42, 0x1, 0xf9,
    0x6c, 0x3, 0x8c, 0x3, 0xf0, 0x80, 0x43, 0xf2,
    0x7f, 0xf3, 0x2f, 0x80,

    /* U+7D27 "紧" */
    0x0, 0xff, 0xe1, 0x97, 0x1, 0xe8, 0x7f, 0xfc,
    0x20, 0x1f, 0x79, 0x47, 0x70, 0xd4, 0x40, 0x3f,
    0x4c, 0x3d, 0x15, 0x80, 0x7f, 0x29, 0xca, 0x50,
    0x80, 0x4a, 0x1, 0x26, 0x71, 0x98, 0x2e, 0xce,
    0x5, 0x60, 0x2, 0xb3, 0x5c, 0xc6, 0xaa, 0x68,
    0x6, 0xa0, 0x6e, 0xa7, 0x92, 0xaf, 0xb0, 0xb,
    0x98, 0x53, 0xfa, 0x70, 0x80, 0x2, 0x1, 0x6e,
    0x48, 0x1c, 0x6a, 0xf5, 0x0, 0x63, 0xbd, 0x84,
    0x80, 0x77, 0x2a, 0xac, 0x0, 0x38, 0xc6, 0x62,
    0x99, 0x78, 0x7d, 0x4, 0x0, 0xff, 0x9d, 0x6e,
    0x6, 0xb, 0xde, 0xe0, 0x6, 0x3c, 0xe0, 0x4,
    0x0, 0xbf, 0x92, 0x20, 0xe7, 0x92, 0x5f, 0x48,
    0x0, 0x6f, 0x34, 0x6, 0xb2, 0x3, 0xff, 0x50,
    0x4, 0x34, 0xa0,

    /* U+7EAC "纬" */
    0x0, 0xa1, 0x80, 0x31, 0x78, 0x80, 0x7c, 0xca,
    0x2, 0x44, 0x60, 0x52, 0x28, 0x2, 0x65, 0x30,
    0x7d, 0xd5, 0x85, 0xee, 0xa4, 0x2, 0x88, 0x14,
    0xb7, 0xfb, 0x43, 0xbf, 0xd6, 0x0, 0x84, 0x38,
    0x10, 0x33, 0x30, 0x29, 0x98, 0x0, 0x6e, 0xbe,
    0x90, 0x39, 0x8b, 0xb, 0xcc, 0x10, 0x15, 0x69,
    0x50, 0xf, 0xfb, 0x43, 0xbf, 0xc4, 0x2, 0xb6,
    0x88, 0x2, 0x33, 0x38, 0x29, 0x9c, 0x0, 0x77,
    0x75, 0x52, 0x37, 0x56, 0x15, 0xba, 0xc2, 0x18,
    0x2e, 0xf8, 0xae, 0xe6, 0x7, 0xf7, 0x0, 0x87,
    0xb2, 0x54, 0x80, 0x3e, 0x10, 0x8, 0x4d, 0xab,
    0x94, 0x3, 0x89, 0xcc, 0xb, 0xfb, 0x32, 0x50,
    0xe, 0x8b, 0x90, 0x2d, 0xd5, 0x31, 0x0, 0x7a,
    0xb5, 0x40,

    /* U+7EBF "线" */
    0x0, 0x9d, 0xc0, 0x1b, 0x55, 0x94, 0x3, 0xd2,
    0x20, 0x1e, 0x4e, 0xb0, 0xc, 0xa0, 0xc0, 0x18,
    0x40, 0xa7, 0x44, 0x2, 0x8b, 0x8, 0x27, 0x92,
    0xaf, 0xcd, 0x20, 0x3, 0x8a, 0xc2, 0x9f, 0x70,
    0x9b, 0xfa, 0xcc, 0xa, 0xf, 0xdf, 0x86, 0x5d,
    0x40, 0x4, 0xaa, 0x3, 0xbf, 0x37, 0x31, 0x46,
    0x56, 0xfc, 0xe2, 0x1, 0x48, 0x8, 0x7, 0x8f,
    0x61, 0xee, 0x51, 0x80, 0x15, 0xdd, 0x9c, 0xd9,
    0x30, 0x22, 0xd, 0xd0, 0xd, 0xb6, 0xff, 0x0,
    0x44, 0x2b, 0x8f, 0x20, 0x3f, 0x2c, 0x68, 0x1,
    0x96, 0x9a, 0xc0, 0x22, 0x7b, 0xf8, 0x10, 0x3a,
    0x40, 0xb0, 0x70, 0x2d, 0xee, 0x7e, 0x3e, 0x60,
    0xf8, 0xe8, 0xe4, 0x4b, 0xa5, 0x40, 0x2b, 0xe9,
    0x1d, 0xc, 0x71,

    /* U+7ECF "经" */
    0x0, 0x95, 0xc0, 0x3f, 0xf8, 0x53, 0xe0, 0x5f,
    0xff, 0x8, 0x4, 0x87, 0x20, 0x5d, 0xdb, 0x49,
    0x4, 0x2, 0x88, 0x9, 0x0, 0x8e, 0x83, 0xa0,
    0x9, 0x85, 0xc7, 0x50, 0x0, 0x36, 0x98, 0x20,
    0x2, 0x95, 0x7d, 0x44, 0x2, 0x7a, 0x8d, 0x90,
    0x0, 0x41, 0x24, 0xa9, 0x32, 0xdb, 0xb4, 0xb6,
    0x40, 0xff, 0x86, 0x86, 0x5b, 0x60, 0xa, 0xec,
    0x84, 0x3, 0x90, 0x81, 0xbe, 0xea, 0xb8, 0x78,
    0x87, 0x3, 0x3b, 0xc6, 0x66, 0xa8, 0x99, 0x58,
    0x4, 0xfb, 0x9e, 0x39, 0x90, 0xce, 0x62, 0x0,
    0x76, 0x58, 0x84, 0x3, 0xfe, 0x26, 0xae, 0xe0,
    0x80, 0x7f, 0x26, 0xd1, 0x6f, 0xbb, 0x34, 0x3a,
    0xcd, 0x12, 0x7e, 0x41, 0x8c, 0xce, 0x6, 0x99,
    0x90,

    /* U+7ED3 "结" */
    0x0, 0xa1, 0xc0, 0x3b, 0x94, 0x3, 0x85, 0xc8,
    0x8, 0xce, 0x12, 0x33, 0x80, 0xc, 0x4a, 0x17,
    0x99, 0x4, 0x66, 0x34, 0x6, 0x24, 0x2e, 0x3f,
    0xe1, 0xaf, 0xf7, 0x5, 0x9b, 0xd3, 0x88, 0x7,
    0xe4, 0x51, 0xd5, 0xe2, 0xaa, 0x86, 0x6a, 0x8c,
    0xbd, 0x81, 0x24, 0x64, 0x53, 0xa1, 0x10, 0xc4,
    0x5a, 0x8c, 0x22, 0x88, 0xf9, 0x42, 0xcd, 0xbb,
    0x87, 0x3f, 0xfe, 0x73, 0x66, 0x4e, 0x79, 0x83,
    0x6e, 0xe3, 0x3, 0xd9, 0x52, 0x0, 0xc4, 0x59,
    0xc0, 0x21, 0x48, 0xb4, 0x0, 0xfc, 0x9b, 0xd6,
    0x66, 0x50, 0x24, 0x4c, 0xc0, 0xd5, 0x9f, 0x70,
    0x20, 0xb1, 0x18, 0x80, 0x9c, 0xc0, 0x34, 0xf6,
    0x66, 0xf7,

    /* U+7ED9 "给" */
    0x0, 0x84, 0x40, 0x1c, 0x62, 0x1, 0xf4, 0xe8,
    0x7, 0x6c, 0x80, 0x7c, 0xd4, 0x1, 0x98, 0x58,
    0x40, 0x39, 0x8d, 0x80, 0x21, 0x89, 0x7a, 0x0,
    0xe8, 0x80, 0x62, 0x6, 0xab, 0x4b, 0x50, 0x5,
    0x24, 0xd0, 0x4b, 0x65, 0x4, 0x49, 0x5b, 0x11,
    0x31, 0xeb, 0xd5, 0x18, 0xf3, 0x75, 0x6c, 0xc7,
    0x1d, 0xf5, 0x64, 0xad, 0xd7, 0xfe, 0x9d, 0x60,
    0x28, 0x69, 0x1, 0x11, 0x17, 0x80, 0x26, 0x74,
    0xad, 0x38, 0xdd, 0xf1, 0x0, 0x2d, 0x7, 0xfc,
    0x60, 0xdf, 0xf8, 0x3, 0x6d, 0xc2, 0x90, 0x7,
    0xfc, 0x2b, 0x17, 0xea, 0x1, 0xfe, 0xe9, 0xf,
    0xf2, 0x83, 0x6e, 0xe0, 0xd, 0xf9, 0x8, 0x1,
    0x2c, 0xce, 0x0, 0xff, 0x4d, 0x22, 0x6f, 0x20,

    /* U+7EF4 "维" */
    0x0, 0x84, 0x3, 0xe1, 0x0, 0xfa, 0xdc, 0x2,
    0x8b, 0x4f, 0x0, 0xf0, 0xaa, 0x80, 0x26, 0xe4,
    0x36, 0x0, 0xe9, 0x52, 0x0, 0x28, 0x9b, 0x20,
    0xb3, 0x0, 0x2, 0xd0, 0x36, 0x30, 0x3b, 0xa6,
    0xbd, 0xd0, 0x2, 0xd8, 0xa4, 0x18, 0x9e, 0xec,
    0x3f, 0x76, 0x3, 0x56, 0xf7, 0x88, 0x19, 0xe1,
    0x63, 0x10, 0x3a, 0xc2, 0x93, 0xc5, 0x56, 0xe8,
    0x2f, 0x64, 0x0, 0xb6, 0xec, 0x6, 0xd, 0xdc,
    0x1d, 0xe8, 0x0, 0x33, 0xa, 0x68, 0x0, 0x64,
    0x41, 0x72, 0x10, 0x19, 0x31, 0xf8, 0x0, 0x2e,
    0xe8, 0x2f, 0x60, 0x7, 0xb2, 0x58, 0x80, 0xd,
    0xfe, 0x1c, 0xf9, 0x0, 0x9, 0xb5, 0x69, 0x80,
    0x7f, 0x17, 0xee, 0x63, 0xcc, 0x1b, 0xfc, 0x39,
    0xfe, 0x32, 0xee, 0x53, 0x10, 0x1, 0x77, 0x7c,
    0x60,

    /* U+7F6E "置" */
    0x2, 0xfd, 0xd7, 0x7e, 0xeb, 0xfb, 0x75, 0xea,
    0x1, 0xb7, 0x52, 0xbb, 0xa4, 0x8d, 0xd0, 0x80,
    0x74, 0x43, 0x1e, 0x20, 0xdb, 0x10, 0x10, 0x8,
    0xab, 0x75, 0xd0, 0xa5, 0x1d, 0xba, 0xa4, 0x0,
    0x57, 0x77, 0x13, 0xf7, 0x74, 0x80, 0x26, 0x23,
    0x70, 0x4c, 0x47, 0x50, 0x0, 0xcd, 0xfd, 0xc8,
    0x9, 0xee, 0xbc, 0xc8, 0x3, 0x1f, 0x6e, 0xbf,
    0x76, 0x92, 0x0, 0xfb, 0xee, 0xfd, 0x0, 0x1f,
    0x93, 0x77, 0xc8, 0x1, 0xfb, 0x88, 0xbd, 0xe0,
    0x1f, 0xab, 0xff, 0xd6, 0x1, 0xfb, 0xee, 0xfd,
    0x0, 0x18, 0x7f, 0xc1, 0x9f, 0xfe, 0xb1, 0xff,
    0x10,

    /* U+7FFB "翻" */
    0x0, 0x84, 0x95, 0xcc, 0x3, 0xfa, 0xf7, 0x37,
    0xc0, 0x19, 0xfe, 0x8f, 0xf8, 0x1, 0x49, 0xa3,
    0x7a, 0xf9, 0xed, 0xdf, 0xe0, 0x8, 0x50, 0x0,
    0x4e, 0x84, 0x1, 0x10, 0x4, 0x3a, 0x1a, 0x3a,
    0x75, 0x45, 0x0, 0x78, 0x80, 0x7, 0xfc, 0xc0,
    0x7b, 0x76, 0xe0, 0x2, 0xb8, 0x4, 0x54, 0xe3,
    0x7a, 0xa6, 0xc0, 0xb, 0xc0, 0xa, 0x9b, 0x41,
    0xf7, 0xc3, 0x40, 0x7, 0x40, 0x1, 0x4a, 0x39,
    0x31, 0xa0, 0x27, 0x0, 0x38, 0x0, 0x5e, 0xbe,
    0x3f, 0x2c, 0x7c, 0xc1, 0x68, 0x2, 0x18, 0xd2,
    0xdb, 0xd, 0x54, 0xeb, 0xf0, 0xd, 0x1a, 0x5b,
    0x61, 0x30, 0x1d, 0x84, 0x1, 0xa3, 0x4b, 0x6c,
    0x14, 0x2, 0x20, 0xe, 0xa9, 0x29, 0x90, 0x0,
    0x4c, 0x4, 0x40, 0x19, 0xb2, 0xb1, 0x40, 0x1e,
    0xe8, 0xfc, 0x80,

    /* U+8054 "联" */
    0x0, 0xfc, 0x60, 0x19, 0x0, 0x9, 0xff, 0xd8,
    0x1a, 0xa0, 0x7, 0xa0, 0x3, 0x20, 0xbb, 0x82,
    0xc2, 0x2c, 0x1, 0x30, 0x0, 0x2d, 0x58, 0x80,
    0x30, 0x31, 0x11, 0x8d, 0x80, 0x33, 0x91, 0x0,
    0x15, 0xc5, 0x92, 0x5d, 0x20, 0x11, 0xff, 0x80,
    0x11, 0xba, 0x37, 0xcd, 0xb0, 0x9, 0x37, 0x40,
    0x2, 0x33, 0x7, 0x19, 0x88, 0x3, 0x8, 0x80,
    0x2, 0x30, 0x0, 0x46, 0x0, 0x93, 0xfc, 0x5,
    0xdd, 0x14, 0xf7, 0x48, 0x0, 0x4e, 0xe0, 0x17,
    0xfb, 0x81, 0xff, 0xe4, 0x0, 0xf1, 0x8, 0x20,
    0x30, 0x6, 0x1f, 0x5a, 0xd0, 0xd5, 0x8, 0x72,
    0x70, 0x8, 0x88, 0xdf, 0xc1, 0xe9, 0x7, 0x1f,
    0x8, 0x0, 0x3b, 0x85, 0x30, 0x4, 0x3e, 0x81,
    0xd5, 0xb8, 0x7, 0xce, 0xba, 0x60, 0x5, 0xbb,
    0x10, 0x7, 0x7b, 0x69, 0x0, 0x64, 0xc2,

    /* U+810F "脏" */
    0x0, 0xfe, 0x17, 0x0, 0xf4, 0x7f, 0xd2, 0x1,
    0xd, 0x40, 0x7, 0x9b, 0xe0, 0x0, 0x89, 0x29,
    0x22, 0x40, 0x1f, 0x1d, 0xd5, 0x19, 0x2a, 0xa1,
    0x0, 0x87, 0xc0, 0x2e, 0xe9, 0xf3, 0xb8, 0x20,
    0x6, 0xe7, 0x0, 0xf3, 0x88, 0x7, 0x37, 0xc0,
    0x7, 0xff, 0x4, 0x40, 0x38, 0x51, 0x2, 0xa8,
    0x40, 0x10, 0x8b, 0xc0, 0x2, 0xf7, 0x60, 0x9b,
    0x80, 0x0, 0xb7, 0x38, 0x38, 0x37, 0xf8, 0x73,
    0xe8, 0x0, 0x73, 0xf0, 0x2, 0x40, 0x1f, 0xc2,
    0x60, 0x11, 0xb0, 0x7, 0xf3, 0x38, 0x5, 0xe4,
    0x1, 0xf8, 0x48, 0x83, 0xe0, 0x98, 0x67, 0xa,
    0x99, 0x81, 0x14, 0x21, 0xb8, 0x1b, 0x32, 0x9,
    0xcc, 0xa, 0xd0, 0x4f, 0x3e, 0x97, 0xff, 0xc2,

    /* U+83DC "菜" */
    0x1, 0x19, 0xbc, 0x47, 0x7a, 0x88, 0xc0, 0xe,
    0xea, 0x43, 0xbb, 0x5, 0x77, 0x42, 0x1f, 0xf5,
    0x8f, 0xfe, 0xb, 0xff, 0x84, 0x0, 0x44, 0x9,
    0x56, 0x89, 0x3a, 0xf8, 0x0, 0x97, 0x31, 0x37,
    0xd8, 0x3d, 0x3b, 0xd2, 0x1, 0x2d, 0xd6, 0xe7,
    0xc, 0xba, 0x9b, 0x60, 0x6, 0x1b, 0x10, 0x44,
    0x18, 0x0, 0x62, 0x40, 0x32, 0x2b, 0x0, 0xab,
    0x80, 0x21, 0x90, 0x2, 0x22, 0x42, 0x91, 0x10,
    0xc8, 0x97, 0x62, 0x20, 0xe, 0xef, 0x86, 0x37,
    0x7c, 0x43, 0xff, 0x98, 0x85, 0x6, 0xff, 0xf1,
    0x0, 0x4d, 0xc7, 0x81, 0xba, 0x9b, 0x40, 0x8,
    0x63, 0xae, 0xa8, 0x20, 0x3, 0xdd, 0x57, 0x48,
    0x88, 0x2b, 0x50, 0x3, 0xcd, 0xd5, 0xc2,

    /* U+897F "西" */
    0xef, 0xff, 0xfe, 0x8, 0x29, 0x9e, 0x3, 0x30,
    0x11, 0x9e, 0xb, 0xcc, 0xb8, 0x73, 0x3, 0xd9,
    0x98, 0x3, 0xff, 0x88, 0x5f, 0xf6, 0x8f, 0xf8,
    0x73, 0xfe, 0x40, 0x10, 0xdd, 0x50, 0xee, 0x82,
    0xb7, 0x42, 0x1, 0x88, 0xa4, 0x22, 0xb, 0x11,
    0x0, 0x3c, 0x53, 0xc0, 0x13, 0x80, 0x7c, 0xb8,
    0xe8, 0x0, 0x2b, 0xff, 0x8, 0x6, 0x28, 0x90,
    0xb, 0x37, 0x30, 0x20, 0x19, 0xd8, 0x3, 0x88,
    0xcc, 0x1, 0xff, 0xc8, 0xff, 0xff, 0x8, 0x6,
    0xdd, 0xff, 0x8, 0x0, 0xfc, 0x8b, 0xfd, 0xc8,
    0x0,

    /* U+8981 "要" */
    0xe, 0xff, 0xff, 0xe0, 0x70, 0x3, 0xfb, 0xa6,
    0x5e, 0xe1, 0xcf, 0x75, 0xe0, 0x1, 0x0, 0xff,
    0xe0, 0x8, 0x0, 0x7b, 0xfc, 0xcb, 0xfe, 0x39,
    0xff, 0x71, 0x80, 0x6e, 0xe3, 0xb7, 0x70, 0xeb,
    0xb8, 0x1, 0xff, 0xca, 0xff, 0x3b, 0x7f, 0x8e,
    0xbf, 0xc0, 0x18, 0x7f, 0xed, 0xc, 0xff, 0xf1,
    0x81, 0x7f, 0xed, 0xc, 0xff, 0xf8, 0x89, 0xdd,
    0x29, 0x6f, 0x74, 0xc5, 0xdd, 0x10, 0x8, 0x9d,
    0x68, 0xc4, 0x4e, 0xdc, 0x23, 0x0, 0x62, 0x7c,
    0xfe, 0xc9, 0x91, 0x80, 0x78, 0x5f, 0x48, 0xc1,
    0x52, 0x7a, 0x50, 0x2, 0xce, 0xe8, 0x67, 0xa6,
    0xfe, 0x82, 0xd4, 0x1, 0x9f, 0xb7, 0x8, 0x1,
    0x92, 0x7d, 0x40,

    /* U+89C4 "规" */
    0x0, 0xb5, 0x0, 0x19, 0xff, 0xe3, 0x0, 0xfe,
    0x9e, 0xec, 0x1, 0x17, 0xf8, 0xaf, 0xdc, 0xc,
    0x5c, 0x4, 0x2, 0x2d, 0xd0, 0xce, 0xb0, 0x5,
    0x4, 0x1, 0xc4, 0x43, 0x22, 0x8, 0x7, 0xf8,
    0x44, 0x62, 0x20, 0xf, 0xf4, 0x77, 0x6, 0xba,
    0x80, 0x21, 0x10, 0x6, 0x8e, 0xe0, 0x67, 0x50,
    0x6, 0x30, 0xe, 0x10, 0x5, 0x8, 0x53, 0x98,
    0x38, 0x39, 0x0, 0x4a, 0x2a, 0xe0, 0xc5, 0x61,
    0xa1, 0x2, 0x1, 0x6b, 0xf4, 0xa8, 0xb, 0xb0,
    0x4, 0xe0, 0x1, 0x6a, 0x2b, 0x10, 0xd5, 0xf0,
    0xa, 0x84, 0x35, 0xc, 0x15, 0x58, 0x14, 0xe,
    0x0, 0x21, 0x41, 0xa0, 0x0, 0xfb, 0x60, 0x29,
    0x7f, 0x98, 0x13, 0x44, 0x0, 0x39, 0x40, 0x3,
    0xef, 0xf4, 0x80,

    /* U+89E3 "解" */
    0x0, 0xd, 0x0, 0x7f, 0xf0, 0x9c, 0x40, 0x21,
    0xff, 0xf8, 0x40, 0x14, 0x9f, 0xea, 0x19, 0x90,
    0x44, 0xc0, 0x8, 0x19, 0x7f, 0x8b, 0xc1, 0x94,
    0x5d, 0x94, 0x2, 0xf2, 0x68, 0x23, 0x30, 0x7b,
    0x0, 0x1c, 0x80, 0xc8, 0x4d, 0xeb, 0x2b, 0x2,
    0x21, 0xb5, 0x40, 0x3a, 0x15, 0x15, 0xd1, 0xa9,
    0xe, 0x9f, 0x70, 0x8, 0xa4, 0x66, 0xc1, 0xe8,
    0x28, 0x40, 0x38, 0xf0, 0x31, 0x81, 0xc3, 0xce,
    0xbf, 0xc2, 0x0, 0x15, 0x15, 0xd0, 0xba, 0xe2,
    0x9e, 0xe0, 0x80, 0x94, 0xc, 0x58, 0x5a, 0x88,
    0x8c, 0x44, 0x0, 0x32, 0xe0, 0xe7, 0x9, 0xff,
    0x1d, 0x7f, 0x88, 0x3e, 0xd8, 0x5b, 0x3, 0xba,
    0x29, 0xee, 0x10, 0x22, 0x80, 0x5e, 0x2, 0x38,
    0xc4, 0x40, 0x6c, 0x41, 0x16, 0xf8, 0x1, 0xf8,
    0xec, 0x0, 0xd7, 0xe8, 0x1, 0x62, 0x80, 0x40,

    /* U+8A00 "言" */
    0x0, 0xf0, 0xa8, 0x7, 0xff, 0x8, 0x62, 0x0,
    0x1f, 0xfc, 0x29, 0x73, 0x0, 0xf1, 0x7f, 0xfa,
    0xc3, 0x3f, 0xf8, 0xcb, 0xff, 0xff, 0x84, 0x60,
    0x15, 0xf7, 0x7e, 0xc0, 0xf, 0x57, 0xff, 0xed,
    0x0, 0xf0, 0x8f, 0xf8, 0x3, 0xd7, 0xff, 0xfb,
    0x0, 0x3d, 0x7f, 0xff, 0xb0, 0x3, 0xdd, 0xff,
    0xfc, 0x1, 0xe1, 0xbe, 0xef, 0x58, 0x7, 0xe7,
    0x11, 0xf3, 0x80, 0x7e, 0x53, 0x3f, 0x30, 0x7,
    0xeb, 0xee, 0xf4, 0x0, 0x7d, 0xfb, 0xbf, 0xbc,
    0x2,

    /* U+8BB0 "记" */
    0x0, 0x5a, 0x0, 0x4, 0xcf, 0xe0, 0xd, 0xb6,
    0x80, 0xd9, 0x9f, 0x18, 0x4, 0xd3, 0x40, 0xff,
    0xfe, 0x0, 0xf3, 0x78, 0x7, 0xfc, 0x4c, 0xc7,
    0x30, 0xf, 0xf9, 0xaa, 0x90, 0xe0, 0x2, 0x11,
    0xe0, 0x9, 0x33, 0x4, 0x0, 0x3d, 0xee, 0xe0,
    0xf, 0xfb, 0xbb, 0x84, 0x40, 0x1f, 0xc2, 0x3d,
    0xc4, 0x1, 0xff, 0xca, 0x57, 0x0, 0xfa, 0x4,
    0x3, 0x45, 0x88, 0x7, 0xcc, 0xa0, 0x3, 0x26,
    0xf7, 0x4, 0x22, 0xca, 0x2a, 0x1, 0x3d, 0x89,
    0x25, 0xee, 0xea, 0x71,

    /* U+8BBE "设" */
    0x0, 0x8, 0x7, 0xff, 0xe, 0xa8, 0x1, 0x17,
    0xff, 0x10, 0x6, 0xa4, 0x90, 0xd, 0xdd, 0x0,
    0x78, 0x71, 0x0, 0x30, 0x8c, 0x1, 0xf1, 0x68,
    0x1, 0xc, 0x3, 0xf1, 0x9c, 0x0, 0x28, 0x90,
    0xc, 0xaa, 0x23, 0xcc, 0x89, 0x35, 0xd4, 0x2,
    0x8c, 0xe1, 0x3f, 0xf0, 0x1, 0x26, 0xc8, 0xb2,
    0xc5, 0x98, 0x7, 0xaf, 0x77, 0xd8, 0xc0, 0x1f,
    0x60, 0xe7, 0xfd, 0x80, 0xe0, 0x1f, 0xc, 0xf0,
    0x5, 0xd0, 0x20, 0x1e, 0x40, 0x76, 0xb1, 0xb6,
    0x70, 0xf, 0x4d, 0x8, 0x5b, 0x73, 0xd8, 0x7,
    0x20, 0x3f, 0x89, 0xd1, 0x19, 0xa4, 0x80, 0x36,
    0x36, 0x16, 0xe1, 0xee, 0x60, 0xb7, 0x46, 0x0,
    0x89, 0x3, 0x8f, 0x92, 0x3, 0xbd, 0xb3,

    /* U+8BC1 "证" */
    0x0, 0xff, 0xe2, 0x8e, 0x98, 0x0, 0x8c, 0xff,
    0x0, 0x6, 0xb0, 0xc2, 0xf7, 0x6c, 0xc6, 0xec,
    0x60, 0x7, 0x99, 0x4, 0xf7, 0x50, 0x7d, 0xd1,
    0x80, 0x4d, 0x40, 0x1f, 0xf0, 0xc4, 0x42, 0x0,
    0x40, 0xf, 0xc6, 0x44, 0x72, 0x0, 0x59, 0x80,
    0x7c, 0x55, 0x40, 0xf, 0xc7, 0xfe, 0xe0, 0xf,
    0xfe, 0x1, 0x6e, 0xb0, 0x3, 0xff, 0x80, 0x24,
    0x50, 0x7, 0xff, 0x25, 0xb0, 0xc0, 0x3f, 0xf8,
    0x34, 0xc6, 0x1, 0xff, 0x38, 0x4c, 0xc1, 0x32,
    0xb2, 0x99, 0x94, 0x0, 0x78, 0xc0, 0x2e, 0x42,
    0x8c, 0x23, 0x0,

    /* U+8BCD "词" */
    0x0, 0x8, 0x7, 0xff, 0x4, 0x7d, 0x40, 0xbf,
    0xff, 0x58, 0xd, 0xd2, 0x16, 0xef, 0xce, 0x1,
    0x2c, 0xf8, 0x11, 0x7d, 0xe0, 0x19, 0xac, 0x3b,
    0xff, 0x8c, 0x0, 0x2c, 0xc7, 0x10, 0xfe, 0xee,
    0x30, 0x1, 0x44, 0x4a, 0x2, 0x60, 0x10, 0x80,
    0x47, 0xdc, 0x20, 0x0, 0xef, 0x75, 0x0, 0x1f,
    0xf7, 0xf9, 0xc0, 0x3f, 0xf9, 0xe2, 0x30, 0x7,
    0xf3, 0x0, 0x3b, 0x8d, 0xe0, 0x1e, 0x3a, 0xd0,
    0x7, 0xfc, 0xe0, 0x1c, 0xc3, 0x16, 0x3e, 0x1,
    0x11, 0x3c, 0x2, 0x4d, 0x60, 0xf, 0x66, 0xbe,
    0x80, 0x8, 0x80, 0x1f, 0x77, 0xf9, 0x80,

    /* U+8BD1 "译" */
    0x0, 0x18, 0x7, 0xff, 0x8, 0xb1, 0x0, 0x7f,
    0xff, 0x28, 0x0, 0x9e, 0x80, 0x79, 0x1b, 0xba,
    0x81, 0x40, 0xa, 0xc, 0xc0, 0x34, 0xea, 0x2b,
    0x14, 0x20, 0x1b, 0x4c, 0x0, 0x3b, 0x51, 0x74,
    0x80, 0x11, 0x99, 0x0, 0x31, 0x11, 0xcd, 0x0,
    0x23, 0xcc, 0x59, 0x1, 0xcf, 0x2e, 0xb7, 0x41,
    0x1, 0xff, 0x80, 0x11, 0xa1, 0xb1, 0x54, 0xd1,
    0xc3, 0x0, 0xe8, 0xfb, 0x5, 0x72, 0xb, 0xe3,
    0x0, 0xf2, 0x6e, 0xac, 0x37, 0x62, 0x0, 0xf9,
    0x7f, 0xd8, 0x1f, 0xf1, 0x0, 0x78, 0x8c, 0xe6,
    0x3, 0x3c, 0x1, 0xdd, 0x9b, 0xb5, 0x86, 0xee,
    0x30, 0x3, 0x2, 0x77, 0x6d, 0xe, 0xec, 0x60,
    0x2, 0xc8, 0x0, 0xff, 0x80,

    /* U+8BDD "话" */
    0x0, 0xff, 0xe0, 0x98, 0x4, 0x38, 0x40, 0x11,
    0x23, 0x4e, 0x7e, 0x98, 0x0, 0x57, 0x8, 0x3b,
    0x67, 0x5a, 0xf7, 0x8c, 0x2, 0x94, 0xa0, 0xef,
    0xdb, 0x4, 0x20, 0xf, 0x54, 0x0, 0x7f, 0xf0,
    0xc, 0xe0, 0x2, 0xae, 0x4, 0x55, 0x88, 0xf3,
    0x22, 0x18, 0x8c, 0x13, 0x11, 0x39, 0xff, 0x80,
    0x3, 0xbb, 0x83, 0x77, 0x28, 0x7, 0xff, 0x28,
    0xae, 0xe0, 0xfb, 0xb2, 0x80, 0x7c, 0xc9, 0xba,
    0x9a, 0xd6, 0xd0, 0xe, 0x19, 0x0, 0x33, 0x70,
    0x80, 0x7b, 0x48, 0x3, 0xff, 0x80, 0xa1, 0x36,
    0x0, 0x44, 0xe1, 0x0, 0xc5, 0x4e, 0x1, 0x4c,
    0xf1, 0x0, 0x67, 0x50, 0x2, 0x7e, 0xef, 0x7c,
    0x0,

    /* U+8BED "语" */
    0x0, 0xff, 0xe2, 0x97, 0x10, 0x2f, 0xff, 0xec,
    0x0, 0x14, 0xe1, 0x2f, 0x73, 0x3, 0x7b, 0xac,
    0x0, 0x9d, 0xac, 0x4, 0x4c, 0x44, 0x11, 0x80,
    0x3a, 0x24, 0x2f, 0xe8, 0xbf, 0xeb, 0x0, 0xb,
    0x31, 0xc0, 0x17, 0xc5, 0x1d, 0xc7, 0x10, 0x1,
    0xee, 0xa0, 0x80, 0x2, 0x48, 0x23, 0x10, 0x0,
    0xae, 0xc0, 0xb, 0xcc, 0x7, 0xe6, 0x1d, 0x70,
    0xc0, 0x3b, 0xa6, 0x55, 0x33, 0x5c, 0x49, 0x0,
    0x72, 0xa3, 0xbf, 0xca, 0x20, 0x1e, 0x9d, 0xdf,
    0x8c, 0x3, 0xc4, 0x2d, 0xff, 0xc0, 0x1f, 0x5e,
    0x18, 0x7, 0xfc, 0x60, 0xb8, 0x44, 0x33, 0xe0,
    0xf, 0x3e, 0x10, 0x26, 0xef, 0x0, 0x71, 0xc0,
    0x2, 0x3f, 0xbb, 0xbc, 0xc0,

    /* U+8BF7 "请" */
    0x0, 0x40, 0x7, 0x8b, 0xc0, 0x3e, 0x3d, 0x10,
    0xde, 0xe6, 0x87, 0x75, 0x80, 0x15, 0xbd, 0x86,
    0xf7, 0x30, 0x3b, 0xac, 0x0, 0xd5, 0x60, 0xdb,
    0xb0, 0x6e, 0xca, 0x2, 0x67, 0x8, 0x36, 0xec,
    0x19, 0xba, 0x50, 0x4c, 0xc8, 0xd7, 0xba, 0xd1,
    0xfe, 0xe9, 0x55, 0xfe, 0x10, 0x5e, 0xdd, 0xfb,
    0x94, 0x3, 0xc7, 0x9f, 0xfd, 0x84, 0x1, 0xf8,
    0x73, 0x38, 0x3, 0xfc, 0x3b, 0xbc, 0x1, 0xf9,
    0x40, 0x77, 0x78, 0x3, 0xc3, 0xd0, 0xe3, 0xdd,
    0xc0, 0x1c, 0xc0, 0xba, 0xe3, 0xdd, 0x7f, 0x80,
    0x39, 0x6e, 0x0, 0x3d, 0xfc, 0x64, 0x0,

    /* U+8C31 "谱" */
    0x0, 0xf9, 0x0, 0x32, 0x80, 0x63, 0xc0, 0xd,
    0xb4, 0x0, 0x49, 0x0, 0xc6, 0xf8, 0x8, 0xdc,
    0xae, 0xd2, 0xcd, 0x0, 0x56, 0xa, 0x5f, 0xc3,
    0x98, 0x23, 0xfe, 0x0, 0xda, 0xa4, 0x49, 0x2f,
    0xb0, 0x9e, 0xf0, 0x15, 0x52, 0x2, 0x3, 0x0,
    0x62, 0x96, 0x2, 0xbb, 0x51, 0x4, 0xb8, 0x7,
    0x50, 0x81, 0xf7, 0x1, 0x3f, 0x78, 0xef, 0x83,
    0x6f, 0xdc, 0x3, 0x27, 0xfb, 0xbb, 0xdf, 0xe7,
    0x0, 0xf3, 0xf7, 0x7b, 0x40, 0x3f, 0x9b, 0xff,
    0x60, 0x7, 0xe3, 0x6, 0xee, 0xda, 0x1, 0xf6,
    0x40, 0x37, 0x76, 0xd0, 0xe, 0x70, 0x9b, 0x7,
    0xcc, 0xdc, 0x1, 0xc9, 0x8e, 0x0, 0x4e, 0xed,
    0x0, 0x1c, 0x66, 0x0, 0x3d, 0x11, 0x65, 0xd0,
    0x0,

    /* U+8D1F "负" */
    0x0, 0xe4, 0x30, 0xf, 0xfe, 0x0, 0xdb, 0x0,
    0x7f, 0xf0, 0x34, 0x2b, 0xfe, 0xe1, 0x0, 0xf4,
    0x8f, 0x7f, 0xc8, 0x81, 0x0, 0xe9, 0x7f, 0x10,
    0x3, 0x2d, 0x80, 0x76, 0x20, 0xef, 0xfd, 0x23,
    0xdf, 0xe1, 0x0, 0x4e, 0xd, 0x77, 0x7a, 0xc0,
    0x32, 0x88, 0x8, 0xcf, 0x22, 0x26, 0x0, 0xff,
    0x60, 0x80, 0x7f, 0xf0, 0x5f, 0x80, 0x3f, 0xf8,
    0x2, 0x48, 0x1, 0xff, 0xc0, 0x82, 0x32, 0x0,
    0xfd, 0xc8, 0xed, 0xc9, 0x96, 0xde, 0x20, 0x11,
    0x3e, 0xce, 0x1a, 0x76, 0xd6, 0x20, 0x3, 0x37,
    0x23, 0x8c, 0x2, 0x6e, 0xbb, 0x20, 0x67, 0xda,
    0x80, 0x7c, 0xfe, 0x80,

    /* U+8D23 "责" */
    0x0, 0xf3, 0x68, 0x7, 0xed, 0xee, 0xd2, 0x5d,
    0xdc, 0xe0, 0xd, 0xcc, 0xce, 0x39, 0x9c, 0xe0,
    0x1, 0xbb, 0xc8, 0x37, 0x7a, 0x80, 0xc, 0xce,
    0xec, 0xc3, 0xdd, 0xbd, 0xc8, 0x7f, 0xf8, 0x9b,
    0xff, 0xc0, 0xf1, 0x55, 0xfe, 0x88, 0x10, 0x3,
    0x73, 0x3f, 0x69, 0x0, 0x76, 0x77, 0x36, 0x7b,
    0x98, 0x1, 0xfe, 0x4a, 0x0, 0xff, 0xe0, 0xfb,
    0x0, 0x7f, 0x29, 0x81, 0xbe, 0xca, 0x1b, 0x98,
    0x6, 0xa2, 0x9c, 0x87, 0xe9, 0xe1, 0x20, 0x2,
    0x5f, 0x68, 0xf3, 0x8b, 0xee, 0x6, 0x60, 0x13,
    0x73, 0xa0, 0x40, 0x31, 0xcf, 0x40, 0x0,

    /* U+8F6C "转" */
    0x0, 0x99, 0x0, 0x38, 0x64, 0x40, 0x3d, 0x62,
    0x1, 0xc8, 0xe2, 0x1, 0xe, 0x60, 0xa3, 0x29,
    0xb3, 0x16, 0x39, 0x8b, 0x1, 0x95, 0x28, 0x9e,
    0x49, 0x90, 0xb4, 0xcb, 0x80, 0xa, 0x74, 0x8a,
    0x84, 0xae, 0x16, 0xab, 0x0, 0x48, 0xdc, 0x40,
    0xaa, 0xb0, 0x75, 0x58, 0x81, 0x54, 0x20, 0x14,
    0xc9, 0x86, 0x67, 0x20, 0x40, 0x48, 0x44, 0x33,
    0x42, 0xb3, 0x33, 0x4, 0xfe, 0x86, 0x58, 0x38,
    0x46, 0x65, 0x0, 0x4, 0x48, 0x10, 0xc1, 0x6a,
    0x65, 0x67, 0x80, 0x11, 0x28, 0x77, 0x8, 0xd5,
    0x6b, 0x74, 0x1, 0xfd, 0x90, 0xbd, 0x21, 0xd7,
    0x90, 0x80, 0x0, 0xe7, 0xe0, 0x29, 0x80, 0xf5,
    0x34, 0x0, 0x63, 0x0, 0xf8, 0xf5, 0x69, 0x0,
    0x3f, 0xf8, 0x35, 0x3c, 0x1, 0xef, 0x20, 0xf,
    0x3d, 0x0, 0x0,

    /* U+8F93 "输" */
    0x0, 0x1b, 0x0, 0x79, 0x50, 0x3, 0xc9, 0x80,
    0x1c, 0x95, 0xa0, 0x18, 0xae, 0x52, 0xe8, 0x0,
    0xb7, 0x4b, 0x40, 0x11, 0xf0, 0x4f, 0x78, 0x4d,
    0xd9, 0x70, 0x39, 0x40, 0x50, 0x1d, 0x53, 0x9c,
    0xfe, 0xec, 0x27, 0x6c, 0x8, 0x87, 0x91, 0xcf,
    0x9f, 0xfd, 0xdc, 0x60, 0xff, 0x0, 0x66, 0x33,
    0x91, 0x7, 0x80, 0x2b, 0xb8, 0xae, 0xea, 0xee,
    0x40, 0xe8, 0x10, 0xa, 0x8b, 0x8f, 0x83, 0x5d,
    0x80, 0x3e, 0xa9, 0xb4, 0x80, 0x4e, 0xe0, 0x7,
    0xf7, 0xac, 0x2, 0xe6, 0x0, 0x3c, 0x57, 0xce,
    0x3a, 0xb, 0xdc, 0x0, 0xf1, 0x66, 0x21, 0x14,
    0x13, 0xb8, 0x2, 0xe0, 0x19, 0xc8, 0x3, 0x8,
    0x6, 0xa0, 0xf, 0xe1, 0x1, 0xd4, 0xa, 0xf4,
    0x0, 0xcf, 0x20, 0x94, 0x3b, 0x61, 0x5f, 0x40,

    /* U+8FD4 "返" */
    0x0, 0xff, 0xe2, 0xa3, 0x0, 0x44, 0x88, 0x68,
    0xac, 0xf7, 0x0, 0xa5, 0x40, 0x11, 0x51, 0xa2,
    0x53, 0x8e, 0x0, 0x49, 0xa2, 0x0, 0x36, 0x5c,
    0xc2, 0x98, 0x6, 0x6b, 0x20, 0x0, 0x91, 0x78,
    0x3, 0x90, 0x2, 0x6d, 0xdf, 0x18, 0xa, 0x20,
    0xc0, 0x3, 0x1d, 0xff, 0x51, 0x18, 0x15, 0x53,
    0x0, 0xe, 0x1e, 0xe0, 0x8, 0xb0, 0x1, 0xf6,
    0x80, 0x46, 0x6c, 0xaa, 0x48, 0xb0, 0x7, 0xc6,
    0x8, 0x58, 0x8d, 0x0, 0x1f, 0xa5, 0x0, 0x6c,
    0x12, 0x8c, 0x3, 0xc8, 0xb0, 0xfe, 0x3f, 0x6f,
    0x86, 0x0, 0x19, 0x0, 0x61, 0x8d, 0x58, 0x84,
    0xc8, 0xc0, 0x70, 0x6a, 0x61, 0x89, 0xcc, 0xe4,
    0x36, 0x23, 0x1b, 0x5d, 0xda, 0x77, 0x74, 0xc5,
    0x19, 0x60, 0x4, 0xd7, 0xbd, 0xdb, 0x75, 0x82,

    /* U+8FDD "违" */
    0x5, 0x40, 0xf, 0x71, 0x80, 0x7d, 0x6a, 0x7f,
    0xf8, 0x73, 0xfe, 0xc0, 0x2, 0xdd, 0x6, 0xee,
    0xa, 0xdd, 0xc0, 0x12, 0x69, 0x91, 0x61, 0x62,
    0x28, 0x40, 0x31, 0x4, 0x7f, 0xc3, 0x9f, 0xf0,
    0x80, 0xc4, 0x41, 0x1d, 0xd0, 0x5f, 0x74, 0x20,
    0x64, 0x47, 0x0, 0x8, 0xe0, 0x11, 0xc0, 0x55,
    0x0, 0xbf, 0xf8, 0x6f, 0xfe, 0xe1, 0x0, 0xcb,
    0xff, 0x86, 0xff, 0xda, 0x2, 0x1, 0xfe, 0x70,
    0x3, 0x90, 0x7, 0xff, 0x1, 0x6a, 0xd4, 0x2,
    0x70, 0x40, 0xf, 0x27, 0x6c, 0x0, 0x22, 0xe2,
    0x64, 0x82, 0x18, 0x62, 0xa2, 0x62, 0x26, 0xc7,
    0xde, 0x9e, 0xfd, 0xff, 0x76, 0xe8, 0x7, 0x88,
    0x0, 0xfb, 0xfd, 0xd7, 0xfd, 0xc2,

    /* U+901A "通" */
    0x0, 0xff, 0xe2, 0xcb, 0x0, 0xb, 0xff, 0xf3,
    0x0, 0x36, 0x58, 0xb, 0xf6, 0x7f, 0xd8, 0x4c,
    0xc0, 0x2, 0x5c, 0xa8, 0x0, 0x73, 0xab, 0x62,
    0x40, 0x32, 0x52, 0xb, 0x2e, 0x32, 0xe, 0xba,
    0x0, 0x65, 0x12, 0x9e, 0xe1, 0xb, 0x85, 0xf0,
    0xa, 0xac, 0x1, 0x44, 0x43, 0x10, 0xb0, 0x2,
    0xcc, 0xa8, 0x40, 0x1d, 0xcc, 0x1e, 0xe4, 0x0,
    0x13, 0x34, 0x3, 0x77, 0x30, 0x7b, 0x90, 0x1,
    0xfd, 0xfe, 0xd1, 0xff, 0x40, 0x7, 0xf7, 0xfb,
    0x47, 0xfd, 0x0, 0x1f, 0xfc, 0x3f, 0x0, 0xcc,
    0xe, 0x24, 0x1, 0x10, 0xfb, 0x60, 0x2, 0x6e,
    0xdb, 0x32, 0x10, 0x2c, 0x1f, 0xf2, 0x9, 0x26,
    0xa5, 0xec, 0x77, 0xff, 0x76, 0x91, 0x34, 0x40,
    0xd, 0x9f, 0xee, 0xff, 0xe3,

    /* U+9047 "遇" */
    0x8, 0x90, 0x1, 0xf3, 0xbb, 0xe5, 0xe7, 0x80,
    0x2a, 0x4b, 0x0, 0x1b, 0xb8, 0x69, 0xe8, 0x3,
    0x16, 0x83, 0x1, 0x6e, 0x87, 0x76, 0x0, 0xf5,
    0xb0, 0x16, 0xe8, 0x77, 0x60, 0xc, 0x23, 0x0,
    0xb, 0x74, 0x3b, 0xb0, 0x4, 0x5d, 0xd0, 0x1f,
    0xee, 0x86, 0xb7, 0xb8, 0x0, 0x2b, 0xa0, 0x4,
    0xd5, 0x43, 0xf5, 0x4b, 0x60, 0x2, 0x38, 0x1,
    0xf7, 0xfc, 0x3b, 0x9e, 0x38, 0x1, 0xf2, 0x2a,
    0x81, 0x3c, 0x74, 0x3, 0xf3, 0x55, 0x8e, 0x34,
    0x0, 0x7f, 0xf, 0x46, 0xff, 0xac, 0x3, 0xac,
    0x21, 0x59, 0xc, 0x84, 0xea, 0x74, 0x1, 0x6b,
    0xa4, 0xee, 0x20, 0x8, 0xbf, 0x4c, 0x49, 0xb4,
    0xaa, 0x3b, 0x7f, 0xee, 0xdc, 0xa0, 0x2d, 0x10,
    0x2, 0x5f, 0xfb, 0xb9, 0xff, 0x70, 0x80,

    /* U+91CA "释" */
    0x0, 0x84, 0xdc, 0x40, 0x3f, 0x93, 0x7b, 0x9f,
    0xc5, 0x9f, 0xfe, 0x70, 0x4f, 0xe3, 0x9b, 0x1e,
    0x1d, 0xee, 0x60, 0xa8, 0x3, 0xc4, 0x1, 0x68,
    0x4d, 0x22, 0x1d, 0x4, 0x0, 0xa9, 0x3, 0x46,
    0x8, 0xb, 0xf5, 0x60, 0x9, 0xa8, 0xf, 0xc0,
    0x2, 0x24, 0x1d, 0x0, 0x97, 0xf0, 0xef, 0x22,
    0xb8, 0x75, 0xeb, 0x5c, 0x13, 0x28, 0x1b, 0x34,
    0x6e, 0xd5, 0x4d, 0x4c, 0x1, 0x2c, 0x7, 0x15,
    0xa6, 0x27, 0x40, 0xbb, 0x0, 0x5, 0x89, 0xf4,
    0xb3, 0x74, 0x13, 0xba, 0x10, 0x4, 0x30, 0xed,
    0x8e, 0xff, 0x86, 0xff, 0xc2, 0xa, 0xf0, 0x0,
    0x52, 0x2c, 0x24, 0x58, 0xe, 0xc0, 0x33, 0x66,
    0x41, 0x39, 0x89, 0x6, 0x50, 0xc, 0xfd, 0xd0,
    0xdf, 0x72, 0xc0, 0x3f, 0xf8, 0xa0,

    /* U+91CF "量" */
    0x0, 0x17, 0xdd, 0xfe, 0xf2, 0x0, 0xf6, 0xef,
    0xe0, 0xf, 0xc6, 0x7f, 0x80, 0x3f, 0x77, 0x7e,
    0x0, 0xc2, 0xaf, 0x5d, 0xdf, 0xa9, 0xd4, 0x43,
    0x77, 0xff, 0x84, 0x3, 0x1a, 0x89, 0xfe, 0xf8,
    0x10, 0x1, 0x3f, 0x74, 0xed, 0xdd, 0x37, 0x0,
    0x73, 0x2a, 0xce, 0xca, 0xb3, 0x0, 0x78, 0xf7,
    0x62, 0x1d, 0xd8, 0x40, 0x39, 0xfe, 0xee, 0x44,
    0x5d, 0xd9, 0x20, 0x1b, 0x7b, 0xb2, 0xb7, 0x77,
    0x0, 0x6d, 0xff, 0xcc, 0xcf, 0xfd, 0xc0, 0x4,
    0xff, 0xf3, 0x33, 0xff, 0xc8,

    /* U+952E "键" */
    0x0, 0x8, 0x80, 0x3f, 0xf8, 0x53, 0x0, 0x5f,
    0xeb, 0x0, 0x68, 0x80, 0x73, 0x33, 0xab, 0x69,
    0xeb, 0x8b, 0xfb, 0x80, 0x7, 0x37, 0x6c, 0x2d,
    0xba, 0xe2, 0xfe, 0x0, 0x14, 0x74, 0x41, 0x1,
    0x93, 0xb8, 0x5d, 0xc1, 0xc2, 0x7f, 0xcc, 0x33,
    0xb8, 0xfb, 0x85, 0xdc, 0x1c, 0x9, 0x82, 0xe2,
    0x86, 0xca, 0xe2, 0xfe, 0x0, 0x85, 0x80, 0x93,
    0x35, 0xeb, 0x8b, 0xfb, 0x80, 0x5, 0x40, 0x53,
    0x30, 0x13, 0x39, 0xcb, 0xa8, 0x3, 0xa8, 0x66,
    0xf5, 0xf8, 0x3, 0xf5, 0xf0, 0xe4, 0x3c, 0x1a,
    0xa0, 0x62, 0x30, 0x7, 0xdc, 0x4f, 0x10, 0x18,
    0x88, 0x3, 0x9a, 0x8, 0x26, 0xec, 0x5b, 0x76,
    0x0, 0x90, 0x6b, 0x63, 0x47, 0x9c, 0x4c, 0x3,
    0xbe, 0x72, 0x2c, 0xae, 0xd8, 0x5b, 0xfe, 0x60,
    0x4, 0xb0, 0x62, 0x80, 0x16, 0xfb, 0xfe, 0x60,

    /* U+95F4 "间" */
    0x7, 0x20, 0xf, 0xfe, 0x7, 0xf8, 0x5b, 0xff,
    0xf4, 0x84, 0x34, 0xb6, 0xef, 0xc8, 0x0, 0x1a,
    0x80, 0x22, 0xf8, 0x41, 0x7c, 0x40, 0x3f, 0xf8,
    0x7d, 0xff, 0xc6, 0x1, 0xfb, 0x3f, 0xe1, 0x0,
    0xfe, 0x10, 0xf, 0xfe, 0xe, 0xff, 0xc2, 0x1,
    0xfd, 0x9d, 0xd0, 0x80, 0x7f, 0x8, 0xe0, 0xf,
    0xf7, 0xe6, 0x42, 0x1, 0xfb, 0x7b, 0xfe, 0xc3,
    0x0, 0xf8, 0xcf, 0xc0, 0x20, 0x1f, 0xfc, 0x1,
    0xe5, 0xc5, 0xe0, 0xf, 0xc3, 0xfe, 0x50,

    /* U+9669 "险" */
    0x0, 0xfc, 0x52, 0x1, 0xdb, 0xff, 0x20, 0x5,
    0xc, 0x20, 0x1d, 0x7c, 0xc, 0x0, 0x55, 0xb4,
    0x3, 0x9d, 0x4c, 0x80, 0xae, 0xa8, 0x14, 0x1,
    0xdb, 0x60, 0x58, 0xca, 0x1a, 0xf4, 0x1, 0x91,
    0x93, 0x17, 0x11, 0xb, 0xd, 0x82, 0x0, 0x14,
    0xf9, 0xd8, 0x8d, 0xd8, 0xc6, 0x0, 0xeb, 0xb3,
    0xb6, 0x63, 0x72, 0xc6, 0x88, 0x0, 0x46, 0x74,
    0x82, 0x68, 0x2, 0x98, 0x3, 0x9c, 0xd8, 0x10,
    0xc0, 0x95, 0x80, 0xb, 0xa4, 0xa0, 0x8a, 0x4,
    0x4a, 0x60, 0x8, 0xbb, 0x82, 0x18, 0x61, 0x0,
    0xd2, 0x1, 0x39, 0x88, 0x1, 0xd8, 0x16, 0x98,
    0x40, 0x3c, 0xd9, 0x9c, 0xeb, 0x98, 0x10, 0xc,
    0x91, 0x1d, 0x73, 0x10, 0x10,

    /* U+975E "非" */
    0x0, 0xff, 0xe4, 0xc5, 0x80, 0x2a, 0x40, 0x3f,
    0xf9, 0x5d, 0xff, 0x38, 0x6, 0x6f, 0xfc, 0x41,
    0x9b, 0xb3, 0x0, 0x65, 0xdd, 0xc4, 0x4, 0x58,
    0x40, 0x31, 0x91, 0x60, 0x1, 0x19, 0xc2, 0x1,
    0x8c, 0xf1, 0x0, 0x2f, 0x32, 0x60, 0xc, 0xb9,
    0x94, 0x80, 0x27, 0xfe, 0x70, 0xc, 0xdf, 0xf5,
    0x80, 0x7f, 0xf1, 0x53, 0xff, 0x38, 0x6, 0x6f,
    0xfc, 0xa9, 0x99, 0x94, 0x3, 0x2e, 0x66, 0x40,
    0x33, 0xc4, 0x1, 0x8c, 0xf8, 0x40, 0x3f, 0xfa,
    0x80,

    /* U+97F3 "音" */
    0x0, 0xf9, 0x88, 0x3, 0xff, 0x85, 0xf2, 0x1,
    0xf8, 0xff, 0xf9, 0x93, 0xff, 0x94, 0x0, 0x7d,
    0xc4, 0x9e, 0xed, 0x65, 0x9c, 0xa0, 0x10, 0x88,
    0xe8, 0x47, 0x68, 0x98, 0x80, 0x44, 0x56, 0x99,
    0x16, 0x6a, 0x22, 0x80, 0x77, 0x6a, 0xd, 0xdc,
    0x13, 0xbb, 0x10, 0xff, 0xff, 0xf0, 0x88, 0x2,
    0xdf, 0xff, 0xe1, 0x0, 0xe3, 0xae, 0xef, 0x60,
    0x7, 0xf0, 0x8f, 0x80, 0x3f, 0xab, 0xbb, 0xd8,
    0x1, 0xfa, 0xfb, 0xbd, 0xa0, 0x1f, 0x88, 0xbe,
    0x60, 0xf, 0xd3, 0x99, 0xea, 0x0, 0xfb, 0xbf,
    0xbb, 0xef, 0x10, 0x0,

    /* U+9891 "频" */
    0x0, 0xd8, 0xe0, 0xd, 0xff, 0xf0, 0x80, 0xf0,
    0x2, 0x3a, 0x73, 0xb8, 0x35, 0xdc, 0x10, 0xe,
    0x6d, 0xb1, 0x11, 0x82, 0x88, 0x80, 0x3d, 0xc6,
    0x4d, 0xfa, 0x3f, 0xe9, 0x2, 0xb1, 0x92, 0xb9,
    0x90, 0xb7, 0xf7, 0xc1, 0x80, 0x4a, 0x62, 0xe6,
    0x60, 0xb, 0xc4, 0x2, 0x2a, 0x9a, 0x9, 0xaa,
    0x8, 0x7, 0xe1, 0xc0, 0x9, 0x70, 0x2, 0x11,
    0x0, 0x66, 0x50, 0xb, 0xac, 0x3, 0xf0, 0xcc,
    0x0, 0x11, 0xc, 0x0, 0x22, 0x0, 0x61, 0xc2,
    0x7, 0x89, 0x12, 0xc4, 0x70, 0x3f, 0x0, 0x10,
    0xa, 0x21, 0x81, 0x16, 0xcb, 0x9d, 0x40, 0x26,
    0xf4, 0xa0, 0x1, 0xe3, 0xc6, 0xe9, 0x80, 0x19,
    0xba, 0x80, 0x4, 0x75, 0x50, 0xf, 0x2c, 0x83,
    0x2c, 0xc0, 0x28, 0xd6, 0x0, 0x8b, 0x48
};


/*---------------------
 *  GLYPH DESCRIPTION
 *--------------------*/

static const lv_font_fmt_txt_glyph_dsc_t glyph_dsc[] = {
    {.bitmap_index = 0, .adv_w = 0, .box_w = 0, .box_h = 0, .ofs_x = 0, .ofs_y = 0} /* id = 0 reserved */,
    {.bitmap_index = 0, .adv_w = 57, .box_w = 0, .box_h = 0, .ofs_x = 0, .ofs_y = 0},
    {.bitmap_index = 0, .adv_w = 83, .box_w = 3, .box_h = 12, .ofs_x = 1, .ofs_y = 0},
    {.bitmap_index = 16, .adv_w = 121, .box_w = 6, .box_h = 5, .ofs_x = 1, .ofs_y = 8},
    {.bitmap_index = 30, .adv_w = 142, .box_w = 9, .box_h = 12, .ofs_x = 0, .ofs_y = 0},
    {.bitmap_index = 85, .adv_w = 142, .box_w = 8, .box_h = 16, .ofs_x = 0, .ofs_y = -2},
    {.bitmap_index = 139, .adv_w = 236, .box_w = 15, .box_h = 12, .ofs_x = 0, .ofs_y = 0},
    {.bitmap_index = 221, .adv_w = 174, .box_w = 11, .box_h = 12, .ofs_x = 0, .ofs_y = 0},
    {.bitmap_index = 281, .adv_w = 71, .box_w = 2, .box_h = 5, .ofs_x = 1, .ofs_y = 8},
    {.bitmap_index = 287, .adv_w = 87, .box_w = 4, .box_h = 18, .ofs_x = 1, .ofs_y = -4},
    {.bitmap_index = 322, .adv_w = 87, .box_w = 4, .box_h = 18, .ofs_x = 0, .ofs_y = -4},
    {.bitmap_index = 359, .adv_w = 120, .box_w = 6, .box_h = 6, .ofs_x = 1, .ofs_y = 7},
    {.bitmap_index = 378, .adv_w = 142, .box_w = 9, .box_h = 9, .ofs_x = 0, .ofs_y = 2},
    {.bitmap_index = 402, .adv_w = 71, .box_w = 4, .box_h = 7, .ofs_x = 0, .ofs_y = -4},
    {.bitmap_index = 415, .adv_w = 89, .box_w = 5, .box_h = 2, .ofs_x = 0, .ofs_y = 3},
    {.bitmap_index = 420, .adv_w = 71, .box_w = 3, .box_h = 3, .ofs_x = 1, .ofs_y = 0},
    {.bitmap_index = 425, .adv_w = 100, .box_w = 7, .box_h = 16, .ofs_x = 0, .ofs_y = -3},
    {.bitmap_index = 468, .adv_w = 142, .box_w = 9, .box_h = 12, .ofs_x = 0, .ofs_y = 0},
    {.bitmap_index = 519, .adv_w = 142, .box_w = 7, .box_h = 12, .ofs_x = 1, .ofs_y = 0},
    {.bitmap_index = 537, .adv_w = 142, .box_w = 9, .box_h = 12, .ofs_x = 0, .ofs_y = 0},
    {.bitmap_index = 584, .adv_w = 142, .box_w = 8, .box_h = 12, .ofs_x = 0, .ofs_y = 0},
    {.bitmap_index = 629, .adv_w = 142, .box_w = 9, .box_h = 12, .ofs_x = 0, .ofs_y = 0},
    {.bitmap_index = 670, .adv_w = 142, .box_w = 9, .box_h = 12, .ofs_x = 0, .ofs_y = 0},
    {.bitmap_index = 717, .adv_w = 142, .box_w = 9, .box_h = 12, .ofs_x = 0, .ofs_y = 0},
    {.bitmap_index = 768, .adv_w = 142, .box_w = 9, .box_h = 12, .ofs_x = 0, .ofs_y = 0},
    {.bitmap_index = 806, .adv_w = 142, .box_w = 9, .box_h = 12, .ofs_x = 0, .ofs_y = 0},
    {.bitmap_index = 858, .adv_w = 142, .box_w = 9, .box_h = 12, .ofs_x = 0, .ofs_y = 0},
    {.bitmap_index = 910, .adv_w = 71, .box_w = 3, .box_h = 9, .ofs_x = 1, .ofs_y = 0},
    {.bitmap_index = 922, .adv_w = 71, .box_w = 4, .box_h = 13, .ofs_x = 0, .ofs_y = -4},
    {.bitmap_index = 944, .adv_w = 142, .box_w = 9, .box_h = 8, .ofs_x = 0, .ofs_y = 2},
    {.bitmap_index = 974, .adv_w = 142, .box_w = 9, .box_h = 6, .ofs_x = 0, .ofs_y = 3},
    {.bitmap_index = 990, .adv_w = 142, .box_w = 9, .box_h = 8, .ofs_x = 0, .ofs_y = 2},
    {.bitmap_index = 1020, .adv_w = 121, .box_w = 7, .box_h = 12, .ofs_x = 0, .ofs_y = 0},
    {.bitmap_index = 1057, .adv_w = 242, .box_w = 15, .box_h = 14, .ofs_x = 0, .ofs_y = -2},
    {.bitmap_index = 1156, .adv_w = 156, .box_w = 10, .box_h = 12, .ofs_x = 0, .ofs_y = 0},
    {.bitmap_index = 1209, .adv_w = 168, .box_w = 9, .box_h = 12, .ofs_x = 1, .ofs_y = 0},
    {.bitmap_index = 1257, .adv_w = 163, .box_w = 10, .box_h = 12, .ofs_x = 0, .ofs_y = 0},
    {.bitmap_index = 1303, .adv_w = 176, .box_w = 10, .box_h = 12, .ofs_x = 1, .ofs_y = 0},
    {.bitmap_index = 1345, .adv_w = 151, .box_w = 8, .box_h = 12, .ofs_x = 1, .ofs_y = 0},
    {.bitmap_index = 1377, .adv_w = 141, .box_w = 8, .box_h = 12, .ofs_x = 1, .ofs_y = 0},
    {.bitmap_index = 1402, .adv_w = 176, .box_w = 10, .box_h = 12, .ofs_x = 0, .ofs_y = 0},
    {.bitmap_index = 1454, .adv_w = 186, .box_w = 10, .box_h = 12, .ofs_x = 1, .ofs_y = 0},
    {.bitmap_index = 1477, .adv_w = 75, .box_w = 3, .box_h = 12, .ofs_x = 1, .ofs_y = 0},
    {.bitmap_index = 1482, .adv_w = 137, .box_w = 8, .box_h = 12, .ofs_x = 0, .ofs_y = 0},
    {.bitmap_index = 1499, .adv_w = 165, .box_w = 10, .box_h = 12, .ofs_x = 1, .ofs_y = 0},
    {.bitmap_index = 1544, .adv_w = 139, .box_w = 8, .box_h = 12, .ofs_x = 1, .ofs_y = 0},
    {.bitmap_index = 1556, .adv_w = 208, .box_w = 11, .box_h = 12, .ofs_x = 1, .ofs_y = 0},
    {.bitmap_index = 1609, .adv_w = 185, .box_w = 9, .box_h = 12, .ofs_x = 1, .ofs_y = 0},
    {.bitmap_index = 1647, .adv_w = 190, .box_w = 11, .box_h = 12, .ofs_x = 0, .ofs_y = 0},
    {.bitmap_index = 1704, .adv_w = 162, .box_w = 9, .box_h = 12, .ofs_x = 1, .ofs_y = 0},
    {.bitmap_index = 1741, .adv_w = 190, .box_w = 12, .box_h = 16, .ofs_x = 0, .ofs_y = -4},
    {.bitmap_index = 1820, .adv_w = 163, .box_w = 9, .box_h = 12, .ofs_x = 1, .ofs_y = 0},
    {.bitmap_index = 1865, .adv_w = 153, .box_w = 9, .box_h = 12, .ofs_x = 0, .ofs_y = 0},
    {.bitmap_index = 1916, .adv_w = 153, .box_w = 10, .box_h = 12, .ofs_x = 0, .ofs_y = 0},
    {.bitmap_index = 1934, .adv_w = 185, .box_w = 9, .box_h = 12, .ofs_x = 1, .ofs_y = 0},
    {.bitmap_index = 1961, .adv_w = 147, .box_w = 10, .box_h = 12, .ofs_x = 0, .ofs_y = 0},
    {.bitmap_index = 2013, .adv_w = 225, .box_w = 14, .box_h = 12, .ofs_x = 0, .ofs_y = 0},
    {.bitmap_index = 2097, .adv_w = 147, .box_w = 9, .box_h = 12, .ofs_x = 0, .ofs_y = 0},
    {.bitmap_index = 2147, .adv_w = 136, .box_w = 10, .box_h = 12, .ofs_x = -1, .ofs_y = 0},
    {.bitmap_index = 2184, .adv_w = 154, .box_w = 9, .box_h = 12, .ofs_x = 0, .ofs_y = 0},
    {.bitmap_index = 2225, .adv_w = 87, .box_w = 4, .box_h = 16, .ofs_x = 1, .ofs_y = -3},
    {.bitmap_index = 2234, .adv_w = 100, .box_w = 7, .box_h = 16, .ofs_x = 0, .ofs_y = -3},
    {.bitmap_index = 2276, .adv_w = 87, .box_w = 4, .box_h = 16, .ofs_x = 0, .ofs_y = -3},
    {.bitmap_index = 2285, .adv_w = 142, .box_w = 7, .box_h = 7, .ofs_x = 1, .ofs_y = 5},
    {.bitmap_index = 2309, .adv_w = 143, .box_w = 9, .box_h = 1, .ofs_x = 0, .ofs_y = -2},
    {.bitmap_index = 2312, .adv_w = 155, .box_w = 4, .box_h = 5, .ofs_x = 2, .ofs_y = 10},
    {.bitmap_index = 2322, .adv_w = 144, .box_w = 8, .box_h = 9, .ofs_x = 0, .ofs_y = 0},
    {.bitmap_index = 2359, .adv_w = 158, .box_w = 9, .box_h = 13, .ofs_x = 1, .ofs_y = 0},
    {.bitmap_index = 2400, .adv_w = 131, .box_w = 8, .box_h = 9, .ofs_x = 0, .ofs_y = 0},
    {.bitmap_index = 2433, .adv_w = 159, .box_w = 9, .box_h = 13, .ofs_x = 0, .ofs_y = 0},
    {.bitmap_index = 2474, .adv_w = 142, .box_w = 9, .box_h = 9, .ofs_x = 0, .ofs_y = 0},
    {.bitmap_index = 2513, .adv_w = 83, .box_w = 6, .box_h = 13, .ofs_x = 0, .ofs_y = 0},
    {.bitmap_index = 2537, .adv_w = 144, .box_w = 9, .box_h = 13, .ofs_x = 0, .ofs_y = -4},
    {.bitmap_index = 2595, .adv_w = 155, .box_w = 8, .box_h = 13, .ofs_x = 1, .ofs_y = 0},
    {.bitmap_index = 2621, .adv_w = 70, .box_w = 3, .box_h = 13, .ofs_x = 1, .ofs_y = 0},
    {.bitmap_index = 2631, .adv_w = 70, .box_w = 5, .box_h = 17, .ofs_x = -1, .ofs_y = -4},
    {.bitmap_index = 2651, .adv_w = 141, .box_w = 8, .box_h = 13, .ofs_x = 1, .ofs_y = 0},
    {.bitmap_index = 2684, .adv_w = 73, .box_w = 3, .box_h = 13, .ofs_x = 1, .ofs_y = 0},
    {.bitmap_index = 2692, .adv_w = 237, .box_w = 13, .box_h = 9, .ofs_x = 1, .ofs_y = 0},
    {.bitmap_index = 2722, .adv_w = 156, .box_w = 8, .box_h = 9, .ofs_x = 1, .ofs_y = 0},
    {.bitmap_index = 2742, .adv_w = 155, .box_w = 9, .box_h = 9, .ofs_x = 0, .ofs_y = 0},
    {.bitmap_index = 2782, .adv_w = 159, .box_w = 9, .box_h = 13, .ofs_x = 1, .ofs_y = -4},
    {.bitmap_index = 2824, .adv_w = 159, .box_w = 9, .box_h = 13, .ofs_x = 0, .ofs_y = -4},
    {.bitmap_index = 2867, .adv_w = 99, .box_w = 6, .box_h = 10, .ofs_x = 1, .ofs_y = 0},
    {.bitmap_index = 2882, .adv_w = 120, .box_w = 7, .box_h = 9, .ofs_x = 0, .ofs_y = 0},
    {.bitmap_index = 2913, .adv_w = 97, .box_w = 6, .box_h = 12, .ofs_x = 0, .ofs_y = 0},
    {.bitmap_index = 2941, .adv_w = 155, .box_w = 8, .box_h = 9, .ofs_x = 1, .ofs_y = 0},
    {.bitmap_index = 2961, .adv_w = 133, .box_w = 9, .box_h = 9, .ofs_x = 0, .ofs_y = 0},
    {.bitmap_index = 2999, .adv_w = 205, .box_w = 13, .box_h = 9, .ofs_x = 0, .ofs_y = 0},
    {.bitmap_index = 3059, .adv_w = 127, .box_w = 8, .box_h = 9, .ofs_x = 0, .ofs_y = 0},
    {.bitmap_index = 3095, .adv_w = 133, .box_w = 9, .box_h = 13, .ofs_x = 0, .ofs_y = -4},
    {.bitmap_index = 3146, .adv_w = 122, .box_w = 8, .box_h = 9, .ofs_x = 0, .ofs_y = 0},
    {.bitmap_index = 3177, .adv_w = 87, .box_w = 5, .box_h = 16, .ofs_x = 0, .ofs_y = -3},
    {.bitmap_index = 3209, .adv_w = 69, .box_w = 2, .box_h = 18, .ofs_x = 1, .ofs_y = -5},
    {.bitmap_index = 3214, .adv_w = 87, .box_w = 5, .box_h = 16, .ofs_x = 0, .ofs_y = -3},
    {.bitmap_index = 3247, .adv_w = 142, .box_w = 9, .box_h = 4, .ofs_x = 0, .ofs_y = 4},
    {.bitmap_index = 3266, .adv_w = 256, .box_w = 16, .box_h = 2, .ofs_x = 0, .ofs_y = 5},
    {.bitmap_index = 3275, .adv_w = 256, .box_w = 16, .box_h = 14, .ofs_x = 0, .ofs_y = -1},
    {.bitmap_index = 3322, .adv_w = 256, .box_w = 16, .box_h = 14, .ofs_x = 0, .ofs_y = -1},
    {.bitmap_index = 3389, .adv_w = 256, .box_w = 15, .box_h = 16, .ofs_x = 0, .ofs_y = -2},
    {.bitmap_index = 3474, .adv_w = 256, .box_w = 15, .box_h = 14, .ofs_x = 1, .ofs_y = -1},
    {.bitmap_index = 3539, .adv_w = 256, .box_w = 15, .box_h = 15, .ofs_x = 0, .ofs_y = -1},
    {.bitmap_index = 3628, .adv_w = 256, .box_w = 15, .box_h = 15, .ofs_x = 0, .ofs_y = -2},
    {.bitmap_index = 3709, .adv_w = 256, .box_w = 14, .box_h = 14, .ofs_x = 1, .ofs_y = -1},
    {.bitmap_index = 3759, .adv_w = 256, .box_w = 14, .box_h = 15, .ofs_x = 1, .ofs_y = -2},
    {.bitmap_index = 3848, .adv_w = 256, .box_w = 16, .box_h = 15, .ofs_x = 0, .ofs_y = -2},
    {.bitmap_index = 3940, .adv_w = 256, .box_w = 16, .box_h = 15, .ofs_x = 0, .ofs_y = -1},
    {.bitmap_index = 3983, .adv_w = 256, .box_w = 16, .box_h = 14, .ofs_x = 0, .ofs_y = -1},
    {.bitmap_index = 4069, .adv_w = 256, .box_w = 15, .box_h = 16, .ofs_x = 1, .ofs_y = -2},
    {.bitmap_index = 4162, .adv_w = 256, .box_w = 16, .box_h = 15, .ofs_x = 0, .ofs_y = -1},
    {.bitmap_index = 4237, .adv_w = 256, .box_w = 16, .box_h = 16, .ofs_x = 0, .ofs_y = -2},
    {.bitmap_index = 4341, .adv_w = 256, .box_w = 16, .box_h = 15, .ofs_x = 0, .ofs_y = -1},
    {.bitmap_index = 4434, .adv_w = 256, .box_w = 16, .box_h = 16, .ofs_x = 0, .ofs_y = -2},
    {.bitmap_index = 4542, .adv_w = 256, .box_w = 16, .box_h = 15, .ofs_x = 0, .ofs_y = -1},
    {.bitmap_index = 4639, .adv_w = 256, .box_w = 16, .box_h = 15, .ofs_x = 0, .ofs_y = -1},
    {.bitmap_index = 4733, .adv_w = 256, .box_w = 16, .box_h = 16, .ofs_x = 0, .ofs_y = -2},
    {.bitmap_index = 4818, .adv_w = 256, .box_w = 16, .box_h = 16, .ofs_x = 0, .ofs_y = -2},
    {.bitmap_index = 4903, .adv_w = 256, .box_w = 16, .box_h = 15, .ofs_x = 0, .ofs_y = -1},
    {.bitmap_index = 4986, .adv_w = 256, .box_w = 16, .box_h = 16, .ofs_x = 0, .ofs_y = -2},
    {.bitmap_index = 5079, .adv_w = 256, .box_w = 16, .box_h = 15, .ofs_x = 0, .ofs_y = -2},
    {.bitmap_index = 5165, .adv_w = 256, .box_w = 14, .box_h = 14, .ofs_x = 1, .ofs_y = -1},
    {.bitmap_index = 5233, .adv_w = 256, .box_w = 14, .box_h = 15, .ofs_x = 1, .ofs_y = -2},
    {.bitmap_index = 5307, .adv_w = 256, .box_w = 14, .box_h = 14, .ofs_x = 1, .ofs_y = -1},
    {.bitmap_index = 5357, .adv_w = 256, .box_w = 16, .box_h = 16, .ofs_x = 0, .ofs_y = -2},
    {.bitmap_index = 5456, .adv_w = 256, .box_w = 16, .box_h = 16, .ofs_x = 0, .ofs_y = -2},
    {.bitmap_index = 5551, .adv_w = 256, .box_w = 16, .box_h = 15, .ofs_x = 0, .ofs_y = -1},
    {.bitmap_index = 5635, .adv_w = 256, .box_w = 16, .box_h = 15, .ofs_x = 0, .ofs_y = -1},
    {.bitmap_index = 5706, .adv_w = 256, .box_w = 15, .box_h = 14, .ofs_x = 1, .ofs_y = -1},
    {.bitmap_index = 5786, .adv_w = 256, .box_w = 15, .box_h = 15, .ofs_x = 0, .ofs_y = -1},
    {.bitmap_index = 5870, .adv_w = 256, .box_w = 15, .box_h = 15, .ofs_x = 1, .ofs_y = -2},
    {.bitmap_index = 5956, .adv_w = 256, .box_w = 16, .box_h = 16, .ofs_x = 0, .ofs_y = -2},
    {.bitmap_index = 6066, .adv_w = 256, .box_w = 16, .box_h = 15, .ofs_x = 0, .ofs_y = -2},
    {.bitmap_index = 6169, .adv_w = 256, .box_w = 16, .box_h = 15, .ofs_x = 0, .ofs_y = -2},
    {.bitmap_index = 6234, .adv_w = 256, .box_w = 14, .box_h = 15, .ofs_x = 1, .ofs_y = -2},
    {.bitmap_index = 6300, .adv_w = 256, .box_w = 14, .box_h = 15, .ofs_x = 0, .ofs_y = -1},
    {.bitmap_index = 6375, .adv_w = 256, .box_w = 16, .box_h = 15, .ofs_x = 0, .ofs_y = -2},
    {.bitmap_index = 6456, .adv_w = 256, .box_w = 16, .box_h = 16, .ofs_x = 0, .ofs_y = -2},
    {.bitmap_index = 6543, .adv_w = 256, .box_w = 16, .box_h = 15, .ofs_x = 0, .ofs_y = -2},
    {.bitmap_index = 6617, .adv_w = 256, .box_w = 15, .box_h = 15, .ofs_x = 1, .ofs_y = -2},
    {.bitmap_index = 6689, .adv_w = 256, .box_w = 15, .box_h = 16, .ofs_x = 1, .ofs_y = -2},
    {.bitmap_index = 6780, .adv_w = 256, .box_w = 16, .box_h = 15, .ofs_x = 0, .ofs_y = -1},
    {.bitmap_index = 6868, .adv_w = 256, .box_w = 14, .box_h = 14, .ofs_x = 1, .ofs_y = -1},
    {.bitmap_index = 6915, .adv_w = 256, .box_w = 15, .box_h = 14, .ofs_x = 0, .ofs_y = -1},
    {.bitmap_index = 6998, .adv_w = 256, .box_w = 15, .box_h = 15, .ofs_x = 1, .ofs_y = -1},
    {.bitmap_index = 7086, .adv_w = 256, .box_w = 14, .box_h = 16, .ofs_x = 1, .ofs_y = -2},
    {.bitmap_index = 7178, .adv_w = 256, .box_w = 15, .box_h = 16, .ofs_x = 0, .ofs_y = -2},
    {.bitmap_index = 7270, .adv_w = 256, .box_w = 14, .box_h = 16, .ofs_x = 1, .ofs_y = -2},
    {.bitmap_index = 7365, .adv_w = 256, .box_w = 15, .box_h = 16, .ofs_x = 0, .ofs_y = -2},
    {.bitmap_index = 7460, .adv_w = 256, .box_w = 16, .box_h = 16, .ofs_x = 0, .ofs_y = -2},
    {.bitmap_index = 7557, .adv_w = 256, .box_w = 16, .box_h = 16, .ofs_x = 0, .ofs_y = -2},
    {.bitmap_index = 7661, .adv_w = 256, .box_w = 14, .box_h = 14, .ofs_x = 1, .ofs_y = -1},
    {.bitmap_index = 7741, .adv_w = 256, .box_w = 15, .box_h = 14, .ofs_x = 0, .ofs_y = -1},
    {.bitmap_index = 7778, .adv_w = 256, .box_w = 16, .box_h = 16, .ofs_x = 0, .ofs_y = -2},
    {.bitmap_index = 7882, .adv_w = 256, .box_w = 16, .box_h = 14, .ofs_x = 0, .ofs_y = -1},
    {.bitmap_index = 7967, .adv_w = 256, .box_w = 13, .box_h = 14, .ofs_x = 1, .ofs_y = -1},
    {.bitmap_index = 8031, .adv_w = 256, .box_w = 16, .box_h = 16, .ofs_x = 0, .ofs_y = -2},
    {.bitmap_index = 8130, .adv_w = 256, .box_w = 16, .box_h = 16, .ofs_x = 0, .ofs_y = -2},
    {.bitmap_index = 8231, .adv_w = 256, .box_w = 15, .box_h = 14, .ofs_x = 0, .ofs_y = -1},
    {.bitmap_index = 8306, .adv_w = 256, .box_w = 16, .box_h = 15, .ofs_x = 0, .ofs_y = -1},
    {.bitmap_index = 8400, .adv_w = 256, .box_w = 16, .box_h = 15, .ofs_x = 0, .ofs_y = -1},
    {.bitmap_index = 8486, .adv_w = 256, .box_w = 15, .box_h = 14, .ofs_x = 0, .ofs_y = -1},
    {.bitmap_index = 8580, .adv_w = 256, .box_w = 15, .box_h = 15, .ofs_x = 0, .ofs_y = -1},
    {.bitmap_index = 8672, .adv_w = 256, .box_w = 16, .box_h = 15, .ofs_x = 0, .ofs_y = -1},
    {.bitmap_index = 8779, .adv_w = 256, .box_w = 16, .box_h = 15, .ofs_x = 0, .ofs_y = -2},
    {.bitmap_index = 8886, .adv_w = 256, .box_w = 14, .box_h = 16, .ofs_x = 0, .ofs_y = -2},
    {.bitmap_index = 8952, .adv_w = 256, .box_w = 16, .box_h = 15, .ofs_x = 0, .ofs_y = -1},
    {.bitmap_index = 9051, .adv_w = 256, .box_w = 16, .box_h = 15, .ofs_x = 0, .ofs_y = -2},
    {.bitmap_index = 9158, .adv_w = 256, .box_w = 16, .box_h = 15, .ofs_x = 0, .ofs_y = -2},
    {.bitmap_index = 9267, .adv_w = 256, .box_w = 16, .box_h = 16, .ofs_x = 0, .ofs_y = -2},
    {.bitmap_index = 9367, .adv_w = 256, .box_w = 16, .box_h = 16, .ofs_x = 0, .ofs_y = -2},
    {.bitmap_index = 9467, .adv_w = 256, .box_w = 16, .box_h = 16, .ofs_x = 0, .ofs_y = -2},
    {.bitmap_index = 9580, .adv_w = 256, .box_w = 16, .box_h = 15, .ofs_x = 0, .ofs_y = -2},
    {.bitmap_index = 9682, .adv_w = 256, .box_w = 16, .box_h = 16, .ofs_x = 0, .ofs_y = -2},
    {.bitmap_index = 9787, .adv_w = 256, .box_w = 16, .box_h = 16, .ofs_x = 0, .ofs_y = -2},
    {.bitmap_index = 9893, .adv_w = 256, .box_w = 16, .box_h = 16, .ofs_x = 0, .ofs_y = -2},
    {.bitmap_index = 9997, .adv_w = 256, .box_w = 16, .box_h = 16, .ofs_x = 0, .ofs_y = -2},
    {.bitmap_index = 10113, .adv_w = 256, .box_w = 16, .box_h = 15, .ofs_x = 0, .ofs_y = -2},
    {.bitmap_index = 10224, .adv_w = 256, .box_w = 16, .box_h = 15, .ofs_x = 0, .ofs_y = -1},
    {.bitmap_index = 10331, .adv_w = 256, .box_w = 16, .box_h = 16, .ofs_x = 0, .ofs_y = -2},
    {.bitmap_index = 10427, .adv_w = 256, .box_w = 16, .box_h = 15, .ofs_x = 0, .ofs_y = -2},
    {.bitmap_index = 10512, .adv_w = 256, .box_w = 12, .box_h = 15, .ofs_x = 2, .ofs_y = -2},
    {.bitmap_index = 10550, .adv_w = 256, .box_w = 15, .box_h = 15, .ofs_x = 1, .ofs_y = -2},
    {.bitmap_index = 10633, .adv_w = 256, .box_w = 16, .box_h = 15, .ofs_x = 0, .ofs_y = -2},
    {.bitmap_index = 10719, .adv_w = 256, .box_w = 16, .box_h = 14, .ofs_x = 0, .ofs_y = -1},
    {.bitmap_index = 10797, .adv_w = 256, .box_w = 16, .box_h = 14, .ofs_x = 0, .ofs_y = -1},
    {.bitmap_index = 10879, .adv_w = 256, .box_w = 16, .box_h = 15, .ofs_x = 0, .ofs_y = -1},
    {.bitmap_index = 10967, .adv_w = 256, .box_w = 16, .box_h = 14, .ofs_x = 0, .ofs_y = -1},
    {.bitmap_index = 11057, .adv_w = 256, .box_w = 16, .box_h = 15, .ofs_x = 0, .ofs_y = -2},
    {.bitmap_index = 11157, .adv_w = 256, .box_w = 16, .box_h = 16, .ofs_x = 0, .ofs_y = -2},
    {.bitmap_index = 11255, .adv_w = 256, .box_w = 16, .box_h = 15, .ofs_x = 0, .ofs_y = -1},
    {.bitmap_index = 11356, .adv_w = 256, .box_w = 16, .box_h = 15, .ofs_x = 0, .ofs_y = -2},
    {.bitmap_index = 11466, .adv_w = 256, .box_w = 16, .box_h = 14, .ofs_x = 0, .ofs_y = -1},
    {.bitmap_index = 11519, .adv_w = 256, .box_w = 16, .box_h = 15, .ofs_x = 0, .ofs_y = -2},
    {.bitmap_index = 11590, .adv_w = 256, .box_w = 16, .box_h = 16, .ofs_x = 0, .ofs_y = -2},
    {.bitmap_index = 11701, .adv_w = 256, .box_w = 16, .box_h = 15, .ofs_x = 0, .ofs_y = -2},
    {.bitmap_index = 11801, .adv_w = 256, .box_w = 16, .box_h = 16, .ofs_x = 0, .ofs_y = -2},
    {.bitmap_index = 11904, .adv_w = 256, .box_w = 16, .box_h = 15, .ofs_x = 0, .ofs_y = -2},
    {.bitmap_index = 12010, .adv_w = 256, .box_w = 16, .box_h = 15, .ofs_x = 0, .ofs_y = -2},
    {.bitmap_index = 12117, .adv_w = 256, .box_w = 15, .box_h = 15, .ofs_x = 0, .ofs_y = -2},
    {.bitmap_index = 12208, .adv_w = 256, .box_w = 15, .box_h = 16, .ofs_x = 0, .ofs_y = -2},
    {.bitmap_index = 12296, .adv_w = 256, .box_w = 16, .box_h = 16, .ofs_x = 0, .ofs_y = -2},
    {.bitmap_index = 12406, .adv_w = 256, .box_w = 16, .box_h = 15, .ofs_x = 0, .ofs_y = -2},
    {.bitmap_index = 12522, .adv_w = 256, .box_w = 16, .box_h = 15, .ofs_x = 0, .ofs_y = -2},
    {.bitmap_index = 12611, .adv_w = 256, .box_w = 16, .box_h = 15, .ofs_x = 0, .ofs_y = -2},
    {.bitmap_index = 12698, .adv_w = 256, .box_w = 16, .box_h = 16, .ofs_x = 0, .ofs_y = -2},
    {.bitmap_index = 12809, .adv_w = 256, .box_w = 16, .box_h = 15, .ofs_x = 0, .ofs_y = -1},
    {.bitmap_index = 12901, .adv_w = 256, .box_w = 16, .box_h = 14, .ofs_x = 0, .ofs_y = -1},
    {.bitmap_index = 13000, .adv_w = 256, .box_w = 15, .box_h = 15, .ofs_x = 0, .ofs_y = -2},
    {.bitmap_index = 13082, .adv_w = 256, .box_w = 14, .box_h = 14, .ofs_x = 2, .ofs_y = -1},
    {.bitmap_index = 13158, .adv_w = 256, .box_w = 16, .box_h = 16, .ofs_x = 0, .ofs_y = -2},
    {.bitmap_index = 13252, .adv_w = 256, .box_w = 14, .box_h = 16, .ofs_x = 1, .ofs_y = -2},
    {.bitmap_index = 13346, .adv_w = 256, .box_w = 12, .box_h = 14, .ofs_x = 2, .ofs_y = -1},
    {.bitmap_index = 13397, .adv_w = 256, .box_w = 15, .box_h = 16, .ofs_x = 0, .ofs_y = -2},
    {.bitmap_index = 13491, .adv_w = 256, .box_w = 16, .box_h = 16, .ofs_x = 0, .ofs_y = -2},
    {.bitmap_index = 13599, .adv_w = 256, .box_w = 16, .box_h = 15, .ofs_x = 0, .ofs_y = -2},
    {.bitmap_index = 13705, .adv_w = 256, .box_w = 16, .box_h = 16, .ofs_x = 0, .ofs_y = -2},
    {.bitmap_index = 13811, .adv_w = 256, .box_w = 15, .box_h = 16, .ofs_x = 0, .ofs_y = -2},
    {.bitmap_index = 13897, .adv_w = 256, .box_w = 16, .box_h = 14, .ofs_x = 0, .ofs_y = -1},
    {.bitmap_index = 13985, .adv_w = 256, .box_w = 15, .box_h = 14, .ofs_x = 0, .ofs_y = -1},
    {.bitmap_index = 14077, .adv_w = 256, .box_w = 15, .box_h = 16, .ofs_x = 1, .ofs_y = -2},
    {.bitmap_index = 14184, .adv_w = 256, .box_w = 16, .box_h = 14, .ofs_x = 0, .ofs_y = -1},
    {.bitmap_index = 14290, .adv_w = 256, .box_w = 16, .box_h = 14, .ofs_x = 0, .ofs_y = -1},
    {.bitmap_index = 14397, .adv_w = 256, .box_w = 16, .box_h = 15, .ofs_x = 0, .ofs_y = -1},
    {.bitmap_index = 14502, .adv_w = 256, .box_w = 15, .box_h = 15, .ofs_x = 0, .ofs_y = -2},
    {.bitmap_index = 14600, .adv_w = 256, .box_w = 16, .box_h = 16, .ofs_x = 0, .ofs_y = -2},
    {.bitmap_index = 14704, .adv_w = 256, .box_w = 16, .box_h = 15, .ofs_x = 0, .ofs_y = -1},
    {.bitmap_index = 14817, .adv_w = 256, .box_w = 16, .box_h = 14, .ofs_x = 0, .ofs_y = -1},
    {.bitmap_index = 14906, .adv_w = 256, .box_w = 16, .box_h = 15, .ofs_x = 0, .ofs_y = -1},
    {.bitmap_index = 15021, .adv_w = 256, .box_w = 16, .box_h = 16, .ofs_x = 0, .ofs_y = -2},
    {.bitmap_index = 15140, .adv_w = 256, .box_w = 16, .box_h = 16, .ofs_x = 0, .ofs_y = -2},
    {.bitmap_index = 15244, .adv_w = 256, .box_w = 16, .box_h = 14, .ofs_x = 0, .ofs_y = -1},
    {.bitmap_index = 15347, .adv_w = 256, .box_w = 15, .box_h = 15, .ofs_x = 1, .ofs_y = -2},
    {.bitmap_index = 15428, .adv_w = 256, .box_w = 16, .box_h = 15, .ofs_x = 0, .ofs_y = -2},
    {.bitmap_index = 15527, .adv_w = 256, .box_w = 16, .box_h = 15, .ofs_x = 0, .ofs_y = -2},
    {.bitmap_index = 15634, .adv_w = 256, .box_w = 16, .box_h = 16, .ofs_x = 0, .ofs_y = -2},
    {.bitmap_index = 15754, .adv_w = 256, .box_w = 16, .box_h = 16, .ofs_x = 0, .ofs_y = -2},
    {.bitmap_index = 15827, .adv_w = 256, .box_w = 16, .box_h = 14, .ofs_x = 0, .ofs_y = -1},
    {.bitmap_index = 15903, .adv_w = 256, .box_w = 16, .box_h = 16, .ofs_x = 0, .ofs_y = -2},
    {.bitmap_index = 16006, .adv_w = 256, .box_w = 16, .box_h = 15, .ofs_x = 0, .ofs_y = -1},
    {.bitmap_index = 16089, .adv_w = 256, .box_w = 15, .box_h = 16, .ofs_x = 0, .ofs_y = -2},
    {.bitmap_index = 16176, .adv_w = 256, .box_w = 16, .box_h = 15, .ofs_x = 0, .ofs_y = -1},
    {.bitmap_index = 16277, .adv_w = 256, .box_w = 16, .box_h = 16, .ofs_x = 0, .ofs_y = -2},
    {.bitmap_index = 16374, .adv_w = 256, .box_w = 16, .box_h = 16, .ofs_x = 0, .ofs_y = -2},
    {.bitmap_index = 16475, .adv_w = 256, .box_w = 16, .box_h = 14, .ofs_x = 0, .ofs_y = -1},
    {.bitmap_index = 16562, .adv_w = 256, .box_w = 16, .box_h = 16, .ofs_x = 0, .ofs_y = -2},
    {.bitmap_index = 16667, .adv_w = 256, .box_w = 15, .box_h = 16, .ofs_x = 0, .ofs_y = -2},
    {.bitmap_index = 16759, .adv_w = 256, .box_w = 15, .box_h = 15, .ofs_x = 1, .ofs_y = -2},
    {.bitmap_index = 16846, .adv_w = 256, .box_w = 16, .box_h = 16, .ofs_x = 0, .ofs_y = -2},
    {.bitmap_index = 16961, .adv_w = 256, .box_w = 16, .box_h = 16, .ofs_x = 0, .ofs_y = -2},
    {.bitmap_index = 17073, .adv_w = 256, .box_w = 16, .box_h = 16, .ofs_x = 0, .ofs_y = -2},
    {.bitmap_index = 17185, .adv_w = 256, .box_w = 16, .box_h = 15, .ofs_x = 0, .ofs_y = -2},
    {.bitmap_index = 17287, .adv_w = 256, .box_w = 16, .box_h = 16, .ofs_x = 0, .ofs_y = -2},
    {.bitmap_index = 17396, .adv_w = 256, .box_w = 16, .box_h = 15, .ofs_x = 0, .ofs_y = -2},
    {.bitmap_index = 17507, .adv_w = 256, .box_w = 16, .box_h = 15, .ofs_x = 0, .ofs_y = -1},
    {.bitmap_index = 17617, .adv_w = 256, .box_w = 16, .box_h = 14, .ofs_x = 0, .ofs_y = -1},
    {.bitmap_index = 17694, .adv_w = 256, .box_w = 16, .box_h = 16, .ofs_x = 0, .ofs_y = -2},
    {.bitmap_index = 17814, .adv_w = 256, .box_w = 14, .box_h = 16, .ofs_x = 1, .ofs_y = -2},
    {.bitmap_index = 17885, .adv_w = 256, .box_w = 15, .box_h = 15, .ofs_x = 1, .ofs_y = -1},
    {.bitmap_index = 17986, .adv_w = 256, .box_w = 16, .box_h = 15, .ofs_x = 0, .ofs_y = -1},
    {.bitmap_index = 18059, .adv_w = 256, .box_w = 16, .box_h = 16, .ofs_x = 0, .ofs_y = -2},
    {.bitmap_index = 18143, .adv_w = 256, .box_w = 16, .box_h = 15, .ofs_x = 0, .ofs_y = -2}
};

/*---------------------
 *  CHARACTER MAPPING
 *--------------------*/

static const uint16_t unicode_list_1[] = {
    0x0, 0xb, 0xd, 0x13, 0x1a, 0x1c, 0x25, 0x2d,
    0x3a, 0x8b, 0xa1, 0xd6, 0xe5, 0xf6, 0x124, 0x14d,
    0x159, 0x160, 0x1d7, 0x1e1, 0x365, 0x368, 0x373, 0x376,
    0x385, 0x399, 0x3fa, 0x406, 0x44d, 0x505, 0x517, 0x53b,
    0x555, 0x557, 0x5d1, 0x5d6, 0x5ea, 0x5f7, 0x60d, 0x626,
    0x62b, 0x64a, 0x658, 0x67c, 0x67d, 0x8de, 0x950, 0x960,
    0xd89, 0xd9a, 0xd9e, 0xdb9, 0xe04, 0xe06, 0x1038, 0x1072,
    0x10a6, 0x110f, 0x1153, 0x1155, 0x1185, 0x11d7, 0x1225, 0x126f,
    0x1276, 0x130f, 0x131f, 0x1410, 0x1437, 0x1470, 0x14a5, 0x14d4,
    0x1501, 0x1507, 0x1509, 0x15d0, 0x1658, 0x173f, 0x1745, 0x174f,
    0x1751, 0x1774, 0x1787, 0x17e0, 0x17e5, 0x17f6, 0x182f, 0x192a,
    0x192c, 0x1990, 0x199c, 0x1a07, 0x1a3c, 0x1ac0, 0x1c21, 0x1d63,
    0x1d64, 0x1dc1, 0x1e42, 0x1ebb, 0x1ed5, 0x1ee2, 0x1f01, 0x1f4b,
    0x1f77, 0x20e4, 0x226b, 0x22b9, 0x2367, 0x2587, 0x2606, 0x2728,
    0x2735, 0x2797, 0x2884, 0x28ee, 0x29e5, 0x29ed, 0x2a6c, 0x2d49,
    0x2d80, 0x2e73, 0x2e97, 0x2f27, 0x30ac, 0x30bf, 0x30cf, 0x30d3,
    0x30d9, 0x30f4, 0x316e, 0x31fb, 0x3254, 0x330f, 0x35dc, 0x3b7f,
    0x3b81, 0x3bc4, 0x3be3, 0x3c00, 0x3db0, 0x3dbe, 0x3dc1, 0x3dcd,
    0x3dd1, 0x3ddd, 0x3ded, 0x3df7, 0x3e31, 0x3f1f, 0x3f23, 0x416c,
    0x4193, 0x41d4, 0x41dd, 0x421a, 0x4247, 0x43ca, 0x43cf, 0x472e,
    0x47f4, 0x4869, 0x495e, 0x49f3, 0x4a91
};

/*Collect the unicode lists and glyph_id offsets*/
static const lv_font_fmt_txt_cmap_t cmaps[] =
{
    {
        .range_start = 32, .range_length = 95, .glyph_id_start = 1,
        .unicode_list = NULL, .glyph_id_ofs_list = NULL, .list_length = 0, .type = LV_FONT_FMT_TXT_CMAP_FORMAT0_TINY
    },
    {
        .range_start = 19968, .range_length = 19090, .glyph_id_start = 96,
        .unicode_list = unicode_list_1, .glyph_id_ofs_list = NULL, .list_length = 165, .type = LV_FONT_FMT_TXT_CMAP_SPARSE_TINY
    }
};

/*-----------------
 *    KERNING
 *----------------*/


/*Map glyph_ids to kern left classes*/
static const uint8_t kern_left_class_mapping[] =
{
    0, 0, 0, 1, 0, 0, 0, 0,
    1, 2, 0, 0, 0, 3, 4, 3,
    5, 0, 0, 0, 0, 0, 0, 0,
    0, 0, 0, 6, 6, 0, 0, 0,
    0, 0, 7, 8, 9, 10, 11, 12,
    13, 0, 0, 14, 15, 16, 0, 0,
    10, 17, 10, 18, 19, 20, 21, 22,
    23, 24, 25, 26, 2, 27, 0, 0,
    0, 0, 28, 29, 30, 0, 31, 32,
    33, 34, 0, 0, 35, 36, 34, 34,
    29, 29, 37, 38, 39, 40, 37, 41,
    42, 43, 44, 45, 2, 0, 0, 0,
    0, 0, 0, 0, 0, 0, 0, 0,
    0, 0, 0, 0, 0, 0, 0, 0,
    0, 0, 0, 0, 0, 0, 0, 0,
    0, 0, 0, 0, 0, 0, 0, 0,
    0, 0, 0, 0, 0, 0, 0, 0,
    0, 0, 0, 0, 0, 0, 0, 0,
    0, 0, 0, 0, 0, 0, 0, 0,
    0, 0, 0, 0, 0, 0, 0, 0,
    0, 0, 0, 0, 0, 0, 0, 0,
    0, 0, 0, 0, 0, 0, 0, 0,
    0, 0, 0, 0, 0, 0, 0, 0,
    0, 0, 0, 0, 0, 0, 0, 0,
    0, 0, 0, 0, 0, 0, 0, 0,
    0, 0, 0, 0, 0, 0, 0, 0,
    0, 0, 0, 0, 0, 0, 0, 0,
    0, 0, 0, 0, 0, 0, 0, 0,
    0, 0, 0, 0, 0, 0, 0, 0,
    0, 0, 0, 0, 0, 0, 0, 0,
    0, 0, 0, 0, 0, 0, 0, 0,
    0, 0, 0, 0, 0, 0, 0, 0,
    0, 0, 0, 0, 0
};

/*Map glyph_ids to kern right classes*/
static const uint8_t kern_right_class_mapping[] =
{
    0, 0, 1, 2, 0, 0, 0, 0,
    2, 0, 3, 4, 0, 5, 6, 7,
    8, 0, 0, 0, 0, 0, 0, 0,
    0, 0, 0, 9, 10, 0, 0, 0,
    11, 0, 12, 0, 13, 0, 0, 0,
    13, 0, 0, 14, 0, 0, 0, 0,
    13, 0, 13, 0, 15, 16, 17, 18,
    19, 20, 21, 22, 0, 23, 3, 0,
    0, 0, 24, 0, 25, 25, 25, 26,
    27, 0, 28, 29, 0, 0, 30, 30,
    25, 30, 25, 30, 31, 32, 33, 34,
    35, 36, 37, 38, 0, 0, 3, 0,
    0, 0, 0, 0, 0, 0, 0, 0,
    0, 0, 0, 0, 0, 0, 0, 0,
    0, 0, 0, 0, 0, 0, 0, 0,
    0, 0, 0, 0, 0, 0, 0, 0,
    0, 0, 0, 0, 0, 0, 0, 0,
    0, 0, 0, 0, 0, 0, 0, 0,
    0, 0, 0, 0, 0, 0, 0, 0,
    0, 0, 0, 0, 0, 0, 0, 0,
    0, 0, 0, 0, 0, 0, 0, 0,
    0, 0, 0, 0, 0, 0, 0, 0,
    0, 0, 0, 0, 0, 0, 0, 0,
    0, 0, 0, 0, 0, 0, 0, 0,
    0, 0, 0, 0, 0, 0, 0, 0,
    0, 0, 0, 0, 0, 0, 0, 0,
    0, 0, 0, 0, 0, 0, 0, 0,
    0, 0, 0, 0, 0, 0, 0, 0,
    0, 0, 0, 0, 0, 0, 0, 0,
    0, 0, 0, 0, 0, 0, 0, 0,
    0, 0, 0, 0, 0, 0, 0, 0,
    0, 0, 0, 0, 0, 0, 0, 0,
    0, 0, 0, 0, 0
};

/*Kern values between classes*/
static const int8_t kern_class_values[] =
{
    0, 0, 0, 0, -34, 0, -34, 0,
    0, 0, 0, -16, 0, -28, -4, 0,
    0, 0, 0, -4, 0, 0, 0, 0,
    -9, 0, 0, 0, 0, 0, -6, 0,
    0, 0, 0, 0, 0, 0, 0, 0,
    0, 0, 0, 0, 0, 0, 0, 0,
    0, 0, 0, -6, 0, 0, 0, 0,
    0, 0, 0, 0, 0, 0, 0, 0,
    0, 0, 22, 0, 0, 0, 0, 0,
    0, 0, 0, 0, 0, -28, 0, -40,
    0, 0, 0, 0, 0, 0, 0, 0,
    0, 0, 0, -29, -6, -19, -10, 0,
    -27, 0, 0, 0, -4, 0, 0, 0,
    7, 0, 0, -14, 0, -10, -7, 0,
    -6, 0, 0, 0, 0, 0, 0, 0,
    0, 0, 0, 0, 0, 0, 0, -6,
    -6, -14, 0, -6, -4, -8, -19, -6,
    0, 0, 0, 0, 0, 0, 0, 0,
    0, -8, 0, -3, 0, -5, 0, 0,
    0, 0, 0, 0, 0, 0, 0, 0,
    0, 0, 0, -12, -4, -24, 0, 0,
    0, 0, 0, 0, 0, 0, 0, -7,
    -10, 0, -4, 7, 7, 0, 0, 2,
    -6, 0, 0, 0, 0, 0, 0, 0,
    0, -15, 0, 0, 0, 0, 0, 0,
    0, 0, 0, 0, 0, 0, 0, 0,
    0, 0, -8, 0, 0, 0, 0, 0,
    0, 0, 0, 0, 0, 0, 0, 0,
    0, 0, 0, 0, 0, -16, 0, -28,
    0, 0, 0, 0, 0, 0, -8, -2,
    -4, 0, 0, -16, -5, -5, 0, 1,
    -5, -3, -12, 6, 0, -4, 0, 0,
    0, 0, 6, -5, -2, -3, -2, -2,
    -3, 0, 0, 0, 0, -9, 0, 0,
    0, 0, 0, 0, 0, 0, 0, -5,
    -5, -7, 0, -2, -2, -2, -5, -2,
    0, 0, 0, 0, 0, 0, 0, 0,
    0, -4, 0, -5, -4, -4, -5, 0,
    0, 0, 0, 0, 0, -8, 0, 0,
    0, 0, 0, 0, -9, -4, -7, -6,
    -5, -2, -2, -2, -3, -4, 0, 0,
    0, 0, -6, 0, 0, 0, 0, -8,
    -4, -5, -4, 0, -5, 0, 0, 0,
    0, -10, 0, 0, 0, -6, 0, 0,
    0, -4, 0, -12, 0, -7, 0, -4,
    -2, -6, -6, -6, 0, 0, 0, 0,
    0, 0, 0, 0, 0, 0, 0, 0,
    0, -5, 0, -3, 0, 0, 0, 0,
    0, 0, 0, 0, 0, 0, 0, 0,
    0, 0, 0, 0, 0, 0, 0, 0,
    0, 0, 0, 0, -4, 0, 0, 0,
    0, 0, 0, -7, 0, -4, 0, -9,
    -4, 0, 0, 0, 0, 0, -21, 0,
    -21, -21, 0, 0, 0, -12, -4, -40,
    -6, 0, 0, 1, 1, -7, 0, -9,
    0, -10, -5, 0, -7, 0, 0, -6,
    -6, -4, -5, -6, -5, -8, -5, -9,
    0, 0, 0, -8, 0, 0, 0, 0,
    0, 0, 0, -2, 0, 0, 0, -6,
    0, -5, -2, 0, 0, 0, 0, 0,
    0, 0, 0, 0, 0, 0, 0, 0,
    0, 0, 0, 0, 0, 0, 0, 0,
    0, 0, -7, 0, -7, 0, 0, 0,
    0, 0, 0, -12, 0, 0, 0, 0,
    0, 0, 0, 0, 0, 0, 0, 0,
    0, 0, 0, 0, 0, 0, 0, 0,
    0, 0, 0, 0, 0, -7, 0, -12,
    0, -9, 0, 0, 0, 0, -3, -4,
    -6, 0, -3, -6, -5, -4, -4, 0,
    -5, 0, 0, 0, -3, 0, 0, 0,
    -4, 0, 0, -10, -5, -6, -5, -5,
    -6, -5, 0, -25, 0, -44, 0, -16,
    0, 0, 0, 0, -10, 0, -8, 0,
    -7, -35, -9, -23, -17, 0, -22, 0,
    -24, 0, -4, -5, -2, 0, 0, 0,
    0, -6, -4, -11, -10, 0, -11, 0,
    0, 0, 0, 0, -33, -10, -33, -23,
    0, 0, 0, -15, 0, -43, -4, -8,
    0, 0, 0, -7, -4, -24, 0, -13,
    -8, 0, -9, 0, 0, 0, -4, 0,
    0, 0, 0, -5, 0, -6, 0, 0,
    0, -4, 0, -9, 0, 0, 0, 0,
    0, -2, 0, -6, -5, -5, 0, 1,
    1, -2, -1, -4, 0, -2, -4, 0,
    -2, 0, 0, 0, 0, 0, 0, 0,
    0, -3, 0, -3, 0, 0, 0, -5,
    0, 3, 0, 0, 0, 0, 0, 0,
    0, -5, -5, -6, 0, 0, 0, 0,
    -5, 0, 0, 0, 0, 0, 0, 0,
    0, 0, 0, -7, 0, 0, 0, 0,
    0, -1, 0, 0, 0, 0, -31, -22,
    -31, -27, -6, -6, 0, -12, -7, -37,
    -12, 0, 0, 0, 0, -6, -5, -16,
    0, -22, -19, -6, -22, 0, 0, -14,
    -17, -6, -14, -10, -10, -12, -10, -22,
    0, 0, 0, 0, -5, 0, -5, -10,
    0, 0, 0, -5, 0, -14, -4, 0,
    0, -2, 0, -4, -5, 0, 0, -2,
    0, 0, -4, 0, 0, 0, -2, 0,
    0, 0, 0, -3, 0, 0, 0, 0,
    0, 0, -19, -6, -19, -14, 0, 0,
    0, -5, -4, -22, -4, 0, -4, 2,
    0, 0, 0, -6, 0, -7, -5, 0,
    -7, 0, 0, -6, -4, 0, -9, -3,
    -3, -5, -3, -8, 0, 0, 0, 0,
    -10, -4, -10, -9, 0, 0, 0, 0,
    -2, -20, -2, 0, 0, 0, 0, 0,
    0, -2, 0, -5, 0, 0, -4, 0,
    0, 0, 0, 0, 0, 0, 0, 0,
    0, -4, 0, -4, 0, -4, 0, -8,
    0, 0, 0, 0, 0, 0, -6, -1,
    -5, -6, -4, 0, 0, 0, 0, 0,
    0, -4, -3, -5, 0, 0, 0, 0,
    0, -5, -4, -5, -5, -4, -5, -5,
    0, 0, 0, 0, -26, -19, -26, -20,
    -8, -8, -3, -5, -5, -29, -5, -5,
    -4, 0, 0, 0, 0, -8, 0, -20,
    -13, 0, -18, 0, 0, -12, -13, -9,
    -10, -5, -7, -10, -5, -14, 0, 0,
    0, 0, 0, -10, 0, 0, 0, 0,
    0, -2, -6, -10, -9, 0, -4, -2,
    -2, 0, -5, -5, 0, -5, -7, -6,
    -5, 0, 0, 0, 0, -5, -7, -5,
    -5, -7, -5, 0, 0, 0, 0, 0,
    0, 0, 0, 0, 0, 0, 0, 0,
    0, 0, 0, -25, -9, -16, -9, 0,
    -22, 0, 0, 0, 0, 0, 9, 0,
    20, 0, 0, 0, 0, -6, -4, 0,
    3, 0, 0, 0, 0, -16, 0, 0,
    0, 0, 0, 0, -4, 0, 0, 0,
    0, -7, 0, -5, -2, 0, -7, 0,
    0, 0, 0, 0, 0, 0, 0, 0,
    0, -5, 0, 0, 0, 0, 0, 0,
    0, -9, 0, -8, -4, 1, -4, 0,
    0, 0, -4, 0, 0, 0, 0, -17,
    0, -6, 0, -2, -14, 0, -8, -5,
    0, -1, 0, 0, 0, 0, -1, -6,
    0, -2, -2, -6, -2, -2, 0, 0,
    0, 0, 0, -6, 0, 0, 0, 0,
    0, 0, 0, 0, 0, -6, 0, -5,
    0, 0, -7, 0, 0, -4, -7, 0,
    -4, 0, 0, 0, 0, -4, 0, 1,
    1, 2, 1, 0, 0, 0, 0, -10,
    0, 2, 0, 0, 0, 0, -3, 0,
    0, -6, -6, -7, 0, -5, -4, 0,
    -8, 0, -6, -5, 0, -1, -4, 0,
    0, 0, 0, -4, 0, 1, 1, -3,
    1, -1, 3, 11, 14, 0, -15, -5,
    -15, -5, 0, 0, 7, 0, 0, 0,
    0, 13, 0, 18, 13, 9, 16, 0,
    17, -6, -4, 0, -5, 0, -4, 0,
    -2, 0, 0, 3, 0, -2, 0, -5,
    0, 0, 3, -10, 0, 0, 0, 13,
    0, 0, -11, 0, 0, 0, 0, -8,
    0, 0, 0, 0, -5, 0, 0, -5,
    -5, 0, 0, 0, 10, 0, 0, 0,
    0, -2, -2, 0, 4, -5, 0, 0,
    0, -10, 0, 0, 0, 0, 0, 0,
    -3, 0, 0, 0, 0, -7, 0, -4,
    0, 0, -5, 0, 0, 0, 0, 0,
    0, 0, 0, 0, 0, 0, 0, 0,
    0, 0, 0, 0, 0, 0, 0, -7,
    3, -13, 3, 0, 3, 3, -4, 0,
    0, 0, 0, -10, 0, 0, 0, 0,
    -4, 0, 0, -4, -6, 0, -4, 0,
    -4, 0, 0, -7, -5, 0, 0, -3,
    0, -3, 0, 0, 0, 0, 0, 0,
    0, 0, 0, 0, 0, 0, 0, 0,
    0, 0, 0, 0, 0, 0, 0, 0,
    0, 0, 0, 0, 0, 0, 2, 0,
    0, 0, 0, 0, 0, 0, 0, 0,
    0, 0, 0, -8, 0, 0, 0, 0,
    0, 0, 0, 0, 0, 0, 0, -6,
    0, -5, 0, 0, -9, 0, 0, 0,
    0, 0, 0, 0, 0, 0, 0, 0,
    0, 0, 0, 0, 0, 0, 0, 0,
    0, 0, -16, -7, -16, -10, 7, 7,
    0, -5, 0, -16, 0, 0, 0, 0,
    0, 0, 0, -4, 3, -7, -4, 0,
    -4, 0, 0, 0, -2, 0, 0, 7,
    5, 0, 7, -2, 0, 0, 0, -15,
    0, 2, 0, 0, 0, 0, -4, 0,
    0, 0, 0, -7, 0, -4, 0, 0,
    -6, 0, 0, 0, 0, 0, 0, 0,
    0, 0, 0, -6, 0, 0, 0, 0,
    0, 0, 0, 0, 0, 0, 1, -8,
    1, 2, 3, 3, -8, 0, 0, 0,
    0, -5, 0, 0, 0, 0, -2, 0,
    0, -7, -5, 0, -4, 0, 0, 0,
    -4, -6, 0, 0, 0, -5, 0, 0,
    0, 0, 0, -4, -10, -3, -10, -6,
    0, 0, 0, -4, 0, -12, 0, -6,
    0, -3, 0, 0, -5, -4, 0, -6,
    -2, 0, 0, 0, -4, 0, 0, 0,
    0, 0, 0, 0, 0, -7, 0, 0,
    0, -4, -12, 0, -12, -3, 0, 0,
    0, -2, 0, -9, 0, -7, 0, -3,
    0, -5, -7, 0, 0, -4, -2, 0,
    0, 0, -4, 0, 0, 0, 0, 0,
    0, 0, 0, -6, -5, 0, 0, -7,
    1, -5, -3, 0, 0, 1, 0, 0,
    -4, 0, -2, -10, 0, -5, 0, -4,
    -10, 0, 0, -4, -6, 0, 0, 0,
    0, 0, 0, -7, 0, 0, 0, 0,
    -1, 0, 0, 0, 0, 0, -10, 0,
    -10, -5, 0, 0, 0, 0, 0, -12,
    0, -6, 0, -2, 0, -2, -3, 0,
    0, -6, -2, 0, 0, 0, -4, 0,
    0, 0, 0, 0, 0, -5, 0, -7,
    0, 0, 0, 0, 0, -5, 0, 0,
    0, 0, 0, 0, 0, 0, 0, -8,
    0, 0, 0, 0, -9, 0, 0, -7,
    -4, 0, -2, 0, 0, 0, 0, 0,
    -4, -2, 0, 0, -2, 0
};


/*Collect the kern class' data in one place*/
static const lv_font_fmt_txt_kern_classes_t kern_classes =
{
    .class_pair_values   = kern_class_values,
    .left_class_mapping  = kern_left_class_mapping,
    .right_class_mapping = kern_right_class_mapping,
    .left_class_cnt      = 45,
    .right_class_cnt     = 38,
};

/*--------------------
 *  ALL CUSTOM DATA
 *--------------------*/

#if LVGL_VERSION_MAJOR == 8
/*Store all the custom data of the font*/
static  lv_font_fmt_txt_glyph_cache_t cache;
#endif

#if LVGL_VERSION_MAJOR >= 8
static const lv_font_fmt_txt_dsc_t font_dsc = {
#else
static lv_font_fmt_txt_dsc_t font_dsc = {
#endif
    .glyph_bitmap = glyph_bitmap,
    .glyph_dsc = glyph_dsc,
    .cmaps = cmaps,
    .kern_dsc = &kern_classes,
    .kern_scale = 16,
    .cmap_num = 2,
    .bpp = 4,
    .kern_classes = 1,
    .bitmap_format = 1,
#if LVGL_VERSION_MAJOR == 8
    .cache = &cache
#endif
};



/*-----------------
 *  PUBLIC FONT
 *----------------*/

/*Initialize a public general font descriptor*/
#if LVGL_VERSION_MAJOR >= 8
const lv_font_t ai_radio_font = {
#else
lv_font_t ai_radio_font = {
#endif
    .get_glyph_dsc = lv_font_get_glyph_dsc_fmt_txt,    /*Function pointer to get glyph's data*/
    .get_glyph_bitmap = lv_font_get_bitmap_fmt_txt,    /*Function pointer to get glyph's bitmap*/
    .line_height = 20,          /*The maximum line height required by the font*/
    .base_line = 5,             /*Baseline measured from the bottom of the line*/
#if !(LVGL_VERSION_MAJOR == 6 && LVGL_VERSION_MINOR == 0)
    .subpx = LV_FONT_SUBPX_NONE,
#endif
#if LV_VERSION_CHECK(7, 4, 0) || LVGL_VERSION_MAJOR >= 8
    .underline_position = -2,
    .underline_thickness = 1,
#endif
    .dsc = &font_dsc,          /*The custom font data. Will be accessed by `get_glyph_bitmap/dsc` */
#if LV_VERSION_CHECK(8, 2, 0) || LVGL_VERSION_MAJOR >= 9
    .fallback = NULL,
#endif
    .user_data = NULL,
};



#endif /*#if AI_RADIO_FONT*/

